country,year,top500_systems_count,top500_rmax_sum_pflops,ai_publications,ai_policy_initiatives_new,country_code,region,income_group,oecd_member,gpai_member,gdp_per_capita_usd,rd_gdp,researchers_per_million,it_net_secr,internet_users_pct,fixed_broadband_per100,mobile_cellular_per100,tertiary_enrollment_gross,ict_service_exports_pct,computer_comm_services_pct,hightech_exports_pct_manu,electric_power_kwh_per_capita
Argentina,2010,0,0.0,0.090796929,0,ARG,Latin America & Caribbean,Upper middle income,0,0,10260.13131,0.56104,1119.05035,1028,45.0,4028240.0,138.252,73.80366936,11.00195359,27.89465429,7.68411002,2777.733779
Argentina,2011,0,0.0,0.090223623,0,ARG,Latin America & Caribbean,Upper middle income,0,0,12704.28318,0.56597,1175.37229,1404,51.0,4572020.0,145.511,77.01011851,12.42246639,29.83844069,7.321730602,2880.783577
Argentina,2012,0,0.0,0.09795929,0,ARG,Latin America & Caribbean,Upper middle income,0,0,12949.71749,0.63491,1197.6554,2643,55.8,5148580.0,152.574,78.14651743,12.31280385,29.63962491,6.636366956,2917.622836
Argentina,2013,0,0.0,0.168062834,0,ARG,Latin America & Caribbean,Upper middle income,0,0,12963.67577,0.61849,1193.37333,3117,59.9,6251020.0,158.191,78.56816461,12.64825529,29.17250709,7.458207449,2940.929545
Argentina,2014,0,0.0,0.118655351,0,ARG,Latin America & Caribbean,Upper middle income,0,0,12233.14441,0.59396,1202.47388,3837,64.7,6519460.0,142.325,81.0725897,10.77504374,25.94117906,7.061134904,3036.207336
Argentina,2015,0,0.0,0.172469696,0,ARG,Latin America & Caribbean,Upper middle income,0,0,13679.6265,0.62262,1225.50983,5317,68.0431,6855840.0,142.241,83.75569333,11.15144036,25.34711904,9.22572828,3140.464207
Argentina,2016,0,0.0,0.12847769,0,ARG,Latin America & Caribbean,Upper middle income,0,0,12699.96231,0.55815,1254.06674,32040,70.969,7251670.0,145.147,86.67438329,12.17287435,28.58979213,8.98239948,3104.989251
Argentina,2017,0,0.0,0.114945097,0,ARG,Latin America & Caribbean,Upper middle income,0,0,14532.50093,0.55631,1206.01905,71731,74.2949,7842780.0,139.758,89.3297347,14.36642948,32.54408012,9.20544177,3005.764831
Argentina,2018,0,0.0,0.090060269,5,ARG,Latin America & Caribbean,Upper middle income,0,0,11752.79989,0.4883,1220.93622,83320,77.7,8473660.0,131.224,91.08465127,14.60191598,31.52666535,5.402984101,2971.343648
Argentina,2019,0,0.0,0.115628701,3,ARG,Latin America & Caribbean,Upper middle income,0,0,9955.974787,0.47813,1224.69939,135647,79.947,8793180.0,125.303,95.19282406,14.12192075,31.64790771,5.212790589,2876.718527
Argentina,2020,0,0.0,0.08488416,7,ARG,Latin America & Caribbean,Upper middle income,0,0,8535.59938,0.54126,1250.48347,167248,85.5144,9571560.0,121.181,99.36973487,20.99275019,41.14776591,6.903889256,2827.427398
Argentina,2021,0,0.0,0.062017999,1,ARG,Latin America & Caribbean,Upper middle income,0,0,10738.01792,0.52216,1288.13477,231834,87.1507,10489800.0,130.353,107.2195576,24.61355885,48.74481693,4.422891393,2942.910775
Argentina,2022,0,0.0,0.107043652,1,ARG,Latin America & Caribbean,Upper middle income,0,0,13962.18941,0.54947,1296.45435,240087,88.3754,11208100.0,131.484,107.1039014,18.82539697,37.40023849,4.751575243,2833.119098
Argentina,2023,0,0.0,0.072530752,2,ARG,Latin America & Caribbean,Upper middle income,0,0,14261.84657,0.54947,1296.45435,248239,89.229,11547700.0,137.706,107.8225741,15.87121427,32.76647593,5.449594406,2821.772332
Argentina,2024,1,3.87639,0.056483684,1,ARG,Latin America & Caribbean,Upper middle income,0,0,13969.78366,0.54947,1296.45435,249201,89.6672,11547700.0,137.706,107.8225741,15.74061313,34.69880129,3.850196975,2821.772332
Australia,2010,1,0.04959,1.539614211,0,AUS,East Asia & Pacific,High income,1,1,52313.8939,2.37009,4568.56658,30906,76.0,5510000.0,101.619,119.67939,3.556258764,15.73610379,16.51330126,10797.87125
Australia,2011,6,0.4004059,1.447105192,0,AUS,East Asia & Pacific,High income,1,1,62799.3895,2.23445,4568.56658,48509,79.4877,5552000.0,105.824,119.67939,3.619567473,15.54951715,17.95161777,10786.29101
Australia,2012,6,1.16257632,1.640839104,0,AUS,East Asia & Pacific,High income,1,1,68301.44025,2.2057700000000002,4568.56658,72472,79.0,5735000.0,106.5,119.67939,3.715027969,15.60112604,17.28555533,10486.56683
Australia,2013,5,2.05624882,1.687944464,0,AUS,East Asia & Pacific,High income,1,1,68476.67885,2.17709,4568.56658,81067,83.4535,5981000.0,107.332,119.67939,3.978805382,15.56076107,18.00751438,10298.9308
Australia,2014,6,2.4722586,1.559314016,0,AUS,East Asia & Pacific,High income,1,1,62817.20618,2.048055,4568.56658,92461,84.0,6536000.0,106.206,119.67939,4.002693419,15.45932575,18.99613047,10130.09801
Australia,2015,6,6.840109,1.585101487,0,AUS,East Asia & Pacific,High income,1,1,56970.3613,1.91902,4568.56658,108937,84.5605,6828000.0,107.608,119.67939,3.482250726,14.00291086,19.69214725,10157.16538
Australia,2016,5,3.444509,1.552046353,3,AUS,East Asia & Pacific,High income,1,1,50084.44406,1.899105,4568.56658,237318,86.54,7374000.0,109.129,119.6827774,3.391041318,13.58728736,20.62750447,10196.84793
Australia,2017,4,3.947448,1.583761053,2,AUS,East Asia & Pacific,High income,1,1,54117.54772,1.87919,4568.56658,530042,86.545,7922000.0,107.8,109.993309,3.128468459,13.30782182,18.09679246,10040.74886
Australia,2018,5,6.370593,1.438734317,10,AUS,East Asia & Pacific,High income,1,1,57410.17373,1.852445,4568.56658,822020,90.0,8427320.0,110.033,103.3220901,3.345908371,13.45279959,18.13710182,10036.67069
Australia,2019,5,6.669188,1.278123831,6,AUS,East Asia & Pacific,High income,1,1,55194.75851,1.8257,4568.56658,931399,93.6099,8802600.0,109.753,109.7595596,3.28826166,14.45295543,21.21993324,10025.72506
Australia,2020,2,10.91342,1.287232141,2,AUS,East Asia & Pacific,High income,1,1,51983.45237,1.840395,4568.56658,1022449,94.6935,9099620.0,104.93,110.1392212,3.861275478,24.92054564,21.47578987,9933.585577
Australia,2021,2,10.91342,1.314863846,8,AUS,East Asia & Pacific,High income,1,1,60758.90444,1.85509,4568.56658,1193898,96.9722,9301740.0,105.119,112.6882935,5.186920491,34.18246135,22.3940766,9843.213728
Australia,2022,5,17.19695,1.2422213,4,AUS,East Asia & Pacific,High income,1,1,65169.51911,1.85509,4568.56658,1255844,97.0424,9535410.0,109.469,106.2407608,4.095753376,27.88254966,25.83187041,9923.431671
Australia,2023,5,42.76784,1.256747192,5,AUS,East Asia & Pacific,High income,1,1,65058.37731,1.85509,4568.56658,1268103,97.0631,9682370.0,112.513,104.6483536,3.241643174,19.4193041,25.25827771,9819.871191
Australia,2024,5,55.63831,1.221927976,2,AUS,East Asia & Pacific,High income,1,1,64603.98563,1.85509,4568.56658,1204688,97.0631,9682370.0,112.513,104.6483536,2.995599478,19.32680478,25.15864165,9819.871191
Brazil,2010,1,0.06463,1.108349208,0,BRA,Latin America & Caribbean,Upper middle income,0,1,11403.284,1.15992,696.09998,5529,40.65,14100900.0,101.667,43.23086166,2.033157447,57.73014572,12.59014687,2398.608018
Brazil,2011,2,0.26973,1.052009095,0,BRA,Latin America & Caribbean,Upper middle income,0,1,13396.62632,1.13966,749.17174,8709,45.69,17833100.0,120.008,43.23086166,1.436597634,58.81216236,11.14090814,2458.558793
Brazil,2012,3,0.53033,1.208917375,0,BRA,Latin America & Caribbean,Upper middle income,0,1,12521.72385,1.12684,801.40894,14059,48.56,19119600.0,126.132,43.23086166,1.915659753,60.04370597,11.88722129,2530.977463
Brazil,2013,3,0.626,1.337542575,0,BRA,Latin America & Caribbean,Upper middle income,0,1,12458.89034,1.19567,852.71699,17456,51.04,21360600.0,136.589,44.33937073,1.881139118,58.54036416,11.9698618,2600.672228
Brazil,2014,4,1.031365,1.538172903,0,BRA,Latin America & Caribbean,Upper middle income,0,1,12274.99416,1.26971,903.20079,22778,54.551,23968400.0,140.305,47.1568718,3.662104159,53.93200795,12.37116887,2690.21495
Brazil,2015,6,2.012268,1.690000732,0,BRA,Latin America & Caribbean,Upper middle income,0,1,8936.195589,1.37093,903.20079,32503,58.328,25482500.0,127.836,48.43404007,4.666641706,52.66026603,14.48589962,2628.097691
Brazil,2016,4,1.546568,1.527217553,0,BRA,Latin America & Caribbean,Upper middle income,0,1,8836.28546,1.28637,903.20079,84536,60.8725,26860800.0,120.101,48.33333969,5.457030849,51.7371438,16.00016428,2592.613373
Brazil,2017,2,0.907023,1.559111951,0,BRA,Latin America & Caribbean,Upper middle income,0,1,10080.50787,1.1175,903.20079,328718,67.4713,28907900.0,108.093,50.02674866,6.573563738,50.41246536,14.31188922,2610.166136
Brazil,2018,1,1.12315,1.549139738,2,BRA,Latin America & Caribbean,Upper middle income,0,1,9300.660729,1.16769,903.20079,426560,70.4343,31233000.0,101.602,51.19168854,7.688417723,51.29819011,14.74424183,2640.416438
Brazil,2019,3,4.0823,1.443904337,3,BRA,Latin America & Caribbean,Upper middle income,0,1,9029.833044,1.21096,903.20079,578468,73.9124,32907000.0,97.3747,52.62406158,7.791550722,47.65123866,14.06680521,2661.183286
Brazil,2020,4,10.991,1.29821664,3,BRA,Latin America & Caribbean,Upper middle income,0,1,7074.194075,1.14526,903.20079,656211,81.3427,36344700.0,98.6456,54.57281113,9.274362427,52.67292726,11.35009427,2624.843237
Brazil,2021,6,23.631,1.173475134,2,BRA,Latin America & Caribbean,Upper middle income,0,1,7972.536961,1.14526,903.20079,743189,80.6899,41567100.0,104.825,56.83061981,10.48391373,50.50156165,9.0015542,2723.966591
Brazil,2022,6,24.1135,0.905313647,3,BRA,Latin America & Caribbean,Upper middle income,0,1,9281.332821,1.14526,903.20079,985305,80.5278,44066400.0,101.245,60.39062119,11.60144808,49.66186025,9.11134628,2787.760896
Brazil,2023,9,55.70915,0.831135394,1,BRA,Latin America & Caribbean,Upper middle income,0,1,10377.58977,1.14526,903.20079,1188440,84.1506,47336100.0,101.02,60.39062119,12.74583771,49.89217029,9.84914935,2916.486094
Brazil,2024,8,53.62165,0.802999589,0,BRA,Latin America & Caribbean,Upper middle income,0,1,10310.54888,1.14526,903.20079,1471519,84.4635,47336100.0,101.02,60.39062119,12.85304441,46.3036085,11.11036442,2916.486094
Canada,2010,7,0.4039503,2.118401142,0,CAN,North America,High income,1,1,47560.6666,1.82504,4664.07888,43618,80.3,10817100.0,75.5197,61.88459015,10.94409873,34.59538539,15.50054129,16236.47566
Canada,2011,8,0.6401287,1.975261189,0,CAN,North America,High income,1,1,52223.85884,1.78714,4802.7188,56383,83.0,11282600.0,77.6723,63.15869904,11.74205481,34.60708973,14.71264297,16607.19094
Canada,2012,10,1.4241836,2.242323235,0,CAN,North America,High income,1,1,52670.34473,1.77304,4652.42914,74500,83.0,11689900.0,79.3757,63.60327148,11.32198192,35.19113661,15.61869285,16119.56998
Canada,2013,9,1.7720087,2.280782115,0,CAN,North America,High income,1,1,52638.11872,1.70624,4647.61399,82897,85.8,12094500.0,80.3549,65.74771881,9.559395801,34.03477511,15.49413291,16532.14367
Canada,2014,9,1.9597498,1.922969815,0,CAN,North America,High income,1,1,50960.84312,1.71483,4564.22043,95604,87.12,12568000.0,80.7902,67.16770172,8.993887235,32.74868666,14.66645309,16486.87452
Canada,2015,6,1.9039498,2.036556594,0,CAN,North America,High income,1,1,43594.1941,1.69359,4545.96875,120922,90.0,13115400.0,82.7674,67.26909637,8.600344087,31.98600821,14.82867953,15839.62895
Canada,2016,1,0.715551,1.872961846,0,CAN,North America,High income,1,1,42314.06158,1.72903,4400.49278,369091,91.16,13386500.0,84.5919,69.24594116,8.205620379,29.26686482,14.09961169,15759.60524
Canada,2017,6,5.612415,1.941334699,0,CAN,North America,High income,1,1,45129.62812,1.68702,4429.05796,970834,92.7014,13923800.0,86.1024,70.26870728,8.495644219,29.29010752,14.34880557,15477.32492
Canada,2018,6,8.163041,1.95770696,0,CAN,North America,High income,1,1,46539.17616,1.7372,4715.91861,1147057,94.64,14445600.0,89.0495,69.35072327,10.00626337,31.83009157,15.4222843,15569.54971
Canada,2019,8,14.49748,1.75921759,0,CAN,North America,High income,1,1,46352.86934,1.75578,4850.93689,1349486,91.9129,15142200.0,90.9589,73.11287689,11.67706918,33.03141092,17.13092091,15204.06385
Canada,2020,13,27.92606,1.859751746,0,CAN,North America,High income,1,1,43537.8393,1.93414,5155.65021,1515773,92.3,15572200.0,84.7748,75.23890686,14.55803444,39.66473721,16.75870898,14763.742
Canada,2021,11,25.36105999,1.796730219,0,CAN,North America,High income,1,1,52886.66164,1.86431,5411.82682,1665049,93.9371,16032700.0,87.4056,79.76573181,16.43998233,40.71827442,16.33762889,15003.71445
Canada,2022,14,47.80479999,1.626654193,0,CAN,North America,High income,1,1,56256.80073,1.71166,5411.82682,1699682,94.0,16374500.0,91.2387,78.89849854,15.08670975,35.84695521,15.14897654,14907.07787
Canada,2023,10,41.20835999,1.641844449,0,CAN,North America,High income,1,1,54220.3285,1.70133,5411.82682,1706155,93.9564,16711600.0,94.1497,76.25862122,13.32025676,32.0259325,16.37179544,14459.89575
Canada,2024,10,41.20835999,1.3711112,0,CAN,North America,High income,1,1,54340.34772,1.70133,5411.82682,1639684,93.9564,16711600.0,94.1497,76.25862122,12.03651737,30.43777829,16.77790298,14459.89575
Chile,2010,0,0.0,0.110073544,0,CHL,Latin America & Caribbean,High income,0,0,12632.87047,0.33165,318.2091,790,45.0,1789360.0,115.545,66.34452057,2.805510527,6.484675483,6.239581866,3284.062406
Chile,2011,0,0.0,0.123829363,0,CHL,Latin America & Caribbean,High income,0,0,14487.39278,0.35288,352.01898,1110,52.2496,2011240.0,128.605,70.8241806,2.837005345,6.643383666,5.120838175,3559.166372
Chile,2012,0,0.0,0.120356247,0,CHL,Latin America & Caribbean,High income,0,0,15241.907,0.36213,389.87508,1791,55.05,2166330.0,136.656,75.07707214,3.505234653,7.633528422,5.436279356,3781.697013
Chile,2013,0,0.0,0.091547334,0,CHL,Latin America & Caribbean,High income,0,0,15683.54864,0.3903,334.78846,2239,58.0,2295170.0,133.778,79.87033844,3.180610122,8.008425747,6.694622315,3854.524615
Chile,2014,0,0.0,0.091398617,0,CHL,Latin America & Caribbean,High income,0,0,14529.67672,0.37668,426.80476,2933,61.11,2489720.0,132.56,83.66297913,3.516506242,8.712567266,7.091793651,3716.316352
Chile,2015,0,0.0,0.113192332,0,CHL,Latin America & Caribbean,High income,0,0,13433.9203,0.38296,455.29183,4025,76.6296,2719440.0,128.584,86.41811371,3.702975749,9.037526927,6.722530526,3973.209771
Chile,2016,0,0.0,0.100675142,0,CHL,Latin America & Caribbean,High income,0,0,13649.85205,0.37103,495.36438,22528,83.5586,2904580.0,127.565,88.84588623,4.004672481,9.818046855,8.424379559,4185.58466
Chile,2017,0,0.0,0.157321856,0,CHL,Latin America & Caribbean,High income,0,0,14879.90862,0.35679,494.62971,134062,82.3275,3062390.0,124.001,89.92198944,3.769426603,9.341795086,7.106096475,4053.479986
Chile,2018,0,0.0,0.095450414,2,CHL,Latin America & Caribbean,High income,0,0,15659.48087,0.36916,523.65457,151206,84.9,3250890.0,133.27,91.19747925,4.063777942,9.440292744,6.911410994,4172.296781
Chile,2019,0,0.0,0.132137749,6,CHL,Latin America & Caribbean,High income,0,0,14495.71672,0.34243,507.31033,208732,85.0176,3429670.0,130.493,92.06597137,4.525272439,9.558590528,7.632882021,4218.620688
Chile,2020,0,0.0,0.143711941,6,CHL,Latin America & Caribbean,High income,0,0,13114.81547,0.33525,515.32026,246876,87.4593,3763830.0,129.414,89.11248779,6.835786416,13.39506996,15.97505834,4166.721733
Chile,2021,0,0.0,0.162488798,4,CHL,Latin America & Caribbean,High income,0,0,16206.83255,0.36041,638.83802,247581,90.2328,4283130.0,136.572,96.22279358,8.492610259,14.97886593,12.44177486,4306.720886
Chile,2022,0,0.0,0.122549549,0,CHL,Latin America & Caribbean,High income,0,0,15405.61658,0.36041,638.83802,226097,93.5377,4456170.0,135.114,99.33728027,5.991421629,11.85912087,6.936726841,4422.433427
Chile,2023,0,0.0,0.129600626,0,CHL,Latin America & Caribbean,High income,0,0,17067.03648,0.36041,638.83802,241803,94.4574,4520630.0,135.871,104.7340622,5.848545967,11.23222702,10.71956334,4322.99269
Chile,2024,0,0.0,0.111543434,0,CHL,Latin America & Caribbean,High income,0,0,16709.8894,0.36041,638.83802,235450,94.4574,4520630.0,135.871,104.7340622,5.662452246,10.67639913,8.316503075,4322.99269
China,2010,24,2.9926298,31.25263416,0,CHN,East Asia & Pacific,Upper middle income,0,0,4629.245517,1.71372,898.85545,1604,34.3,126337000.0,63.5563,25.28830663,5.874440821,29.20908542,32.15011697,2943.589954
China,2011,61,7.1363154,28.7373759,0,CHN,East Asia & Pacific,Upper middle income,0,0,5703.76028,1.78034,972.01743,2631,38.3,156487000.0,72.5052,26.78750399,6.918000888,28.24246258,30.50047966,3295.784868
China,2012,68,11.39710001,24.53438887,0,CHN,East Asia & Pacific,Upper middle income,0,0,6405.057424,1.91214,1028.98334,5100,42.3001,175183000.0,81.2076,29.30819069,8.059938437,27.97843285,30.86180852,3466.020278
China,2013,66,47.48501768,22.74379287,0,CHN,East Asia & Pacific,Upper middle income,0,0,7147.035186,1.99786,1079.63795,6999,45.8,188909000.0,89.1302,32.71916032,8.25988435,25.73835406,31.58558133,3757.185088
China,2014,76,52.12982068,21.37836014,0,CHN,East Asia & Pacific,Upper middle income,0,0,7781.065975,2.02243,1101.80087,13314,47.9,200483000.0,92.6612,43.7110051,9.205460245,26.85676987,29.70372718,4006.168268
China,2015,37,49.56768571,18.68761725,0,CHN,East Asia & Pacific,Upper middle income,0,0,8175.332851,2.05701,1162.7108,26989,50.3,277046000.0,92.5401,47.11926193,11.29211056,31.33519923,30.43126727,4017.077819
China,2016,168,211.4285462,17.06848011,1,CHN,East Asia & Pacific,Upper middle income,0,0,8254.868593,2.10033,1208.86205,66054,53.2,322597000.0,97.2139,49.30907738,12.20346461,31.16565974,30.25452323,4237.545306
China,2017,160,235.115292,18.33512203,3,CHN,East Asia & Pacific,Upper middle income,0,0,8979.676527,2.11603,1235.84935,289923,54.3,394190000.0,104.073,51.06788123,12.60675549,33.04842612,30.91186398,4571.042425
China,2018,206,354.5449581,21.26103949,2,CHN,East Asia & Pacific,Upper middle income,0,0,10085.66381,2.14058,1317.48914,622142,59.2,407382000.0,116.229,53.39879846,12.85422827,32.73471409,31.54814786,4842.206792
China,2019,220,466.8727779,23.85166929,5,CHN,East Asia & Pacific,Upper middle income,0,0,10342.90095,2.24463,1483.85803,1027286,64.0809,449279000.0,122.67,56.60509179,14.3016972,34.55826525,30.8186303,5082.38779
China,2020,226,565.5531,25.56338023,1,CHN,East Asia & Pacific,Upper middle income,0,0,10627.4638,2.40666,1600.30633,1338370,70.0528,483550000.0,120.497,61.6124676,17.03216115,36.94930264,31.27661542,5261.941039
China,2021,188,541.3507219,28.29110823,8,CHN,East Asia & Pacific,Upper middle income,0,0,12887.43572,2.4326,1685.97511,1530873,73.0532,535787000.0,121.492,66.81860776,14.94369924,30.33160464,30.21907328,5847.80226
China,2022,173,530.2403319,31.42037108,1,CHN,East Asia & Pacific,Upper middle income,0,0,12970.60564,2.55518,1849.23669,1860276,75.6113,589648000.0,124.195,71.57994651,15.0052134,29.27686819,27.76506126,6112.135536
China,2023,134,465.8244739,30.89696729,0,CHN,East Asia & Pacific,Upper middle income,0,0,12951.17824,2.55518,1849.23669,2127874,90.6,636306000.0,128.247,74.59330146,17.63488091,33.6572133,26.56821365,6523.719262
China,2024,80,356.8604839,32.94742886,0,CHN,East Asia & Pacific,Upper middle income,0,0,13303.14815,2.55518,1849.23669,1991334,92.0,636306000.0,128.247,76.87578431,16.93752795,26.66713805,26.27773805,6523.719262
Finland,2010,3,0.1307882,0.464146324,0,FIN,Europe & Central Asia,High income,1,0,46506.2919,3.70532,7740.92101,5457,86.89,1559400.0,156.432,93.18675995,31.64468061,62.31504294,13.14686376,16484.84008
Finland,2011,2,0.1178579,0.378378782,0,FIN,Europe & Central Asia,High income,1,0,51060.32426,3.61806,7441.97757,8519,88.71,1606000.0,165.917,93.28842926,28.43980386,60.43752731,11.07546105,15711.9017
Finland,2012,1,0.07651,0.417818761,0,FIN,Europe & Central Asia,High income,1,0,47551.67408,3.39832,7492.46096,11939,89.88,1647600.0,172.147,91.55338287,25.70884797,62.56067496,10.47391369,15690.14684
Finland,2013,2,0.378,0.597975675,0,FIN,Europe & Central Asia,High income,1,0,49691.01452,3.27137,7222.80668,13736,91.5144,1720200.0,136.259,91.23652649,27.1455917,62.34266038,9.026432579,15512.12251
Finland,2014,2,0.378,0.478515358,0,FIN,Europe & Central Asia,High income,1,0,50073.77608,3.14751,7022.1865,16433,86.5304,1758500.0,139.199,89.99388123,33.11568793,63.2685829,10.05252061,15251.27108
Finland,2015,2,1.5643967,0.54900151,0,FIN,Europe & Central Asia,High income,1,0,42560.34568,2.87196,6855.97138,18604,86.4221,1729900.0,134.974,89.65737915,34.03437531,64.23491354,10.18428279,15056.21558
Finland,2016,5,2.6912887,0.451817064,0,FIN,Europe & Central Asia,High income,1,0,43451.25624,2.72442,6543.69993,39189,87.7036,1712000.0,131.383,89.32800293,30.63552806,63.66739311,10.05282978,15489.95569
Finland,2017,3,2.334588,0.57767516,1,FIN,Europe & Central Asia,High income,1,0,46085.01747,2.72787,6731.45341,122966,87.4689,1710000.0,129.983,90.69838715,27.12701534,60.11536202,9.657314733,15464.17768
Finland,2018,1,1.25,0.427418542,3,FIN,Europe & Central Asia,High income,1,0,49654.2497,2.75749,6872.68968,187523,88.89,1737000.0,129.629,92.38500214,26.14929341,58.64539301,9.01765355,15805.38571
Finland,2019,2,2.95673,0.395400469,3,FIN,Europe & Central Asia,High income,1,0,48358.18078,2.79961,7245.85837,318556,89.6074,1797000.0,129.488,94.58911896,32.5046739,62.3801724,9.214701206,15508.16918
Finland,2020,2,7.09525,0.405206375,6,FIN,Europe & Central Asia,High income,1,0,48828.68469,2.91243,7548.32504,451490,92.1703,1846000.0,128.761,96.47263336,42.64626445,74.06299482,9.982300253,14688.73648
Finland,2021,2,7.09525,0.315599234,4,FIN,Europe & Central Asia,High income,1,0,53099.13514,2.9885,7870.42868,581590,92.8081,1864000.0,129.036,100.8680725,43.48737248,74.29561701,10.29375385,15646.58618
Finland,2022,4,165.29504,0.328020691,5,FIN,Europe & Central Asia,High income,1,0,50440.56022,2.96469,8073.14567,729439,92.9888,1910000.0,128.023,104.9442215,35.94520216,65.91500464,9.623928437,14738.19974
Finland,2023,3,320.78831,0.339365831,3,FIN,Europe & Central Asia,High income,1,0,52834.29168,2.96469,8073.14567,859188,93.5139,1979000.0,127.473,108.1304092,29.76615849,62.84205377,9.714022595,14391.34685
Finland,2024,3,391.38831,0.286734758,11,FIN,Europe & Central Asia,High income,1,0,53149.76719,2.96469,8073.14567,999971,93.5139,1979000.0,127.473,108.1304092,33.39539104,65.53611482,9.285226596,14391.34685
France,2010,27,1.7068701,2.256466104,1,FRA,Europe & Central Asia,High income,1,1,40694.82117,2.17857,3849.5934,18081,77.28,21337000.0,91.1186,54.8817215,6.992468174,34.02937987,26.32338001,7737.802838
France,2011,25,3.1807438,2.222135947,0,FRA,Europe & Central Asia,High income,1,1,43929.78409,2.19161,3920.65709,26229,77.82,22749000.0,93.8529,55.62572861,6.391165701,35.38478097,25.11935859,7350.228027
France,2012,22,6.3580464,2.133493447,1,FRA,Europe & Central Asia,High income,1,1,40863.58144,2.22707,4052.17043,40871,81.44,23980000.0,97.1925,57.90901184,6.767800059,37.34590241,26.69063196,7473.827235
France,2013,23,8.9384862,2.366120861,0,FRA,Europe & Central Asia,High income,1,1,42669.17951,2.23703,4133.56261,54208,81.9198,24940000.0,98.3479,59.8487587,6.327153413,37.34825466,27.18171776,7506.204891
France,2014,27,11.23698481,2.176419009,0,FRA,Europe & Central Asia,High income,1,1,43148.04593,2.27592,4210.03605,78843,83.7511,25969000.0,101.132,61.51047897,6.647488136,40.3924017,27.47027367,7106.655264
France,2015,27,13.87271849,2.524476862,0,FRA,Europe & Central Asia,High income,1,1,36702.43237,2.22702,4310.70957,126340,78.006,26867000.0,102.718,62.78593063,6.793913967,43.97094698,28.21169085,7208.301367
France,2016,18,21.951929,2.167841255,2,FRA,Europe & Central Asia,High income,1,1,37024.21571,2.22238,4392.04699,446252,79.2698,27680000.0,103.817,64.72767639,7.008853878,42.8649933,27.93318016,7276.875535
France,2017,18,25.722027,1.946873533,2,FRA,Europe & Central Asia,High income,1,1,38687.16264,2.19888,4546.76212,991690,80.5025,28480000.0,105.718,65.80223083,6.760638741,41.29429715,26.0180219,7229.039353
France,2018,18,42.315366,1.659618035,4,FRA,Europe & Central Asia,High income,1,1,41418.17665,2.19666,4670.53241,1367541,82.0432,29100000.0,107.482,67.54351807,7.313910106,40.88614165,25.93478493,7156.816901
France,2019,20,68.205127,1.655347014,12,FRA,Europe & Central Asia,High income,1,1,40408.28486,2.19179,4773.97249,1971311,83.3397,29760000.0,109.601,67.73313141,7.046160079,39.66748539,26.92659764,7059.07467
France,2020,19,79.87882,1.459639406,4,FRA,Europe & Central Asia,High income,1,1,39169.8606,2.27464,4883.2219,2440930,84.7064,30627000.0,110.387,68.87094116,8.541064781,43.55671601,23.22883572,6685.615073
France,2021,16,87.79345,1.519842335,10,FRA,Europe & Central Asia,High income,1,1,43725.09995,2.21808,5058.05374,2689564,86.0955,31485000.0,113.953,69.93978882,8.182356995,39.78814603,21.92471324,6950.699611
France,2022,22,168.66007,1.569584784,12,FRA,Europe & Central Asia,High income,1,1,40988.63964,2.23312,5181.84576,3227132,85.3333,31979000.0,115.951,71.51072693,7.181523687,34.97478904,22.98318344,6649.389318
France,2023,24,175.20653,1.661362862,6,FRA,Europe & Central Asia,High income,1,1,44700.13842,2.23312,5181.84576,3556589,86.8364,32335000.0,116.688,70.4536438,7.677356592,37.18475294,23.6797082,6415.026112
France,2024,24,232.7475,1.778369466,12,FRA,Europe & Central Asia,High income,1,1,46103.08409,2.23312,5181.84576,3926271,88.6538,32335000.0,116.688,70.4536438,7.568679272,36.44551031,23.13710738,6415.026112
Germany,2010,24,2.248464,4.313474277,0,DEU,Europe & Central Asia,High income,1,1,42396.9666,2.73024,4056.42386,85810,82.0,26162000.0,109.364,60.89844894,8.864696846,30.34012799,16.88968553,7265.99788
Germany,2011,30,3.2421111,4.209131866,0,DEU,Europe & Central Asia,High income,1,1,47630.97619,2.80555,4191.51741,118157,81.27,27257100.0,112.419,60.89844894,9.032210179,30.35042677,16.34171863,7281.957319
Germany,2012,20,8.13377367,4.868484048,0,DEU,Europe & Central Asia,High income,1,1,44718.01592,2.88166,4355.567,176527,82.35,27956700.0,114.192,60.89844894,9.653422958,30.37534627,17.22728619,7251.526665
Germany,2013,19,11.35175371,4.614925955,1,DEU,Europe & Central Asia,High income,1,1,47206.83535,2.83599,4380.38742,209774,84.17,28642000.0,123.435,60.89844894,8.061937786,30.46876946,17.2979906,7217.181891
Germany,2014,22,14.80956,4.619999664,0,DEU,Europe & Central Asia,High income,1,1,48959.59912,2.87784,4336.01915,271517,86.1937,29572800.0,122.309,65.18447876,6.892971046,33.41824715,17.20971497,7035.618807
Germany,2015,37,26.697524,4.420674653,2,DEU,Europe & Central Asia,High income,1,1,41929.75491,2.93379,4755.29531,351083,87.5898,30707400.0,117.401,68.23291016,7.906512267,30.2303594,17.82437528,7032.021441
Germany,2016,26,31.1126715,4.42666418,3,DEU,Europe & Central Asia,High income,1,1,42948.93819,2.94039,4839.84645,957300,84.1652,31861900.0,125.024,67.94641113,8.541196252,37.17359582,18.08270142,6972.365273
Germany,2017,28,37.497153,3.96126282,5,DEU,Europe & Central Asia,High income,1,1,45553.93415,3.0471,5058.39528,2825322,84.3942,33232300.0,132.003,68.46923065,8.976522328,38.32775976,15.85057879,6947.263826
Germany,2018,21,44.7381349,4.053424724,0,DEU,Europe & Central Asia,High income,1,1,48916.16866,3.11011,5209.2143,4676435,87.0371,34152000.0,128.946,69.16342926,9.230940182,39.23585654,15.74743356,6815.821362
Germany,2019,13,57.85691,3.6228344,16,DEU,Europe & Central Asia,High income,1,1,47656.19974,3.16701,5398.63462,6478761,88.1345,35191400.0,128.292,72.70507813,9.132828682,39.53996687,16.38694056,6580.292564
Germany,2020,16,68.71372,3.317076662,16,DEU,Europe & Central Asia,High income,1,1,47394.87345,3.13136,5390.05249,8109646,89.8129,36215300.0,128.425,72.38941956,10.74338682,43.08683004,15.50319599,6367.105029
Germany,2021,23,168.80051,3.117464422,22,DEU,Europe & Central Asia,High income,1,1,52349.246,3.12882,5520.57631,9425914,91.4306,36880600.0,127.125,75.6655426,10.36153755,43.90341144,15.38510482,6582.545874
Germany,2022,31,200.53716,3.086345075,4,DEU,Europe & Central Asia,High income,1,1,50506.51796,3.13236,5787.44181,10553940,91.6298,37518100.0,124.158,77.36569977,9.812898025,40.69746998,17.49815056,6316.275712
Germany,2023,36,231.82206,3.165889736,14,DEU,Europe & Central Asia,High income,1,1,54776.76682,3.13236,5787.44181,11657953,92.4764,38368400.0,124.663,78.59474945,11.02172579,42.2673281,17.78183748,5947.2712
Germany,2024,40,274.90337,2.829886012,8,DEU,Europe & Central Asia,High income,1,1,56103.73232,3.13236,5787.44181,12704030,93.5,38368400.0,124.663,78.59474945,11.47578875,41.84987505,17.97729904,5947.2712
India,2010,5,0.2833799,3.460867371,0,IND,South Asia,Lower middle income,0,1,1347.519391,0.78849,156.19059,2061,7.5,10990000.0,60.4906,18.54176741,46.33554584,56.99825586,7.730160328,629.8959491
India,2011,2,0.18791,3.781443999,0,IND,South Asia,Lower middle income,0,1,1445.461275,0.75502,167.822342,2842,10.07,13351200.0,70.8726,23.26627003,44.81928845,55.02537997,7.871172625,678.6037632
India,2012,5,0.7876516,5.155006747,0,IND,South Asia,Lower middle income,0,1,1429.321995,0.74399,179.454094,5704,11.1,14982200.0,67.6264,24.73120972,46.16538979,57.11013333,7.704394279,709.2923168
India,2013,11,2.690461,4.996096419,0,IND,South Asia,Lower middle income,0,1,1432.843975,0.70642,191.08584599999998,7880,12.3,14927700.0,68.3967,24.16383285,48.44138456,58.84413917,8.87350365,743.8015509
India,2014,9,2.8987448,5.949615239,0,IND,South Asia,Lower middle income,0,1,1553.883961,0.70159,202.71759799999998,10941,13.5,15750000.0,71.9367,25.75361131,47.57933017,57.96455927,9.221221748,808.2934057
India,2015,11,4.5979978,7.612720777,1,IND,South Asia,Lower middle income,0,1,1583.998159,0.6931,214.34935,15313,14.9,16942800.0,75.3793,27.06464115,48.86700142,58.58005041,8.024769172,841.0853879
India,2016,9,4.4063518,8.169241008,0,IND,South Asia,Lower middle income,0,1,1707.508929,0.66984,226.23554666666666,50723,16.5,18653300.0,83.9178,27.087599,47.30074995,58.28616321,7.663257044,879.9456968
India,2017,4,2.703926,8.277705027,2,IND,South Asia,Lower middle income,0,1,1950.104683,0.66603,238.1217433333333,164791,18.2,17856000.0,85.9704,27.73110892,42.37510221,52.61125689,7.362081141,918.313687
India,2018,5,9.078216,7.756038198,1,IND,South Asia,Lower middle income,0,1,1966.254552,0.66001,250.00794,254032,20.0813,18170000.0,85.5501,28.35407379,41.30428419,50.56075262,9.041451688,970.8341762
India,2019,3,7.45749,6.977523614,5,IND,South Asia,Lower middle income,0,1,2041.428637,0.65942,254.63559500000002,531807,29.5235,19156600.0,82.8981,28.79969497,43.95814821,53.24130327,10.22373969,988.2721695
India,2020,2,6.33434,7.451621581,6,IND,South Asia,Lower middle income,0,1,1907.042516,0.64558,259.26325,662298,43.4054,22950000.0,82.254,29.56197061,48.96568743,58.74760409,11.03256385,901.3995792
India,2021,3,10.95334,7.901607779,13,IND,South Asia,Lower middle income,0,1,2239.613844,0.64558,259.26325,746969,49.652699999999996,27560000.0,81.604,31.31710178,49.66610746,58.77789971,10.21255966,963.3639137
India,2022,3,10.95334,9.140848005,3,IND,South Asia,Lower middle income,0,1,2347.448294,0.64558,259.26325,1040120,55.9,33530500.0,80.1818,32.45399382,46.80406303,55.22888868,12.68227948,1085.335209
India,2023,4,19.45334,10.05668952,10,IND,South Asia,Lower middle income,0,1,2530.120313,0.64558,259.26325,1389294,55.9,39480000.0,80.5632,34.00917018,48.16881928,56.56899338,14.9343473,1181.630572
India,2024,4,19.45334,10.47447838,12,IND,South Asia,Lower middle income,0,1,2694.737809,0.64558,259.26325,1759175,55.9,39480000.0,80.5632,34.41846597,47.41422449,55.79028892,18.57239464,1181.630572
Indonesia,2010,0,0.0,0.272563061,0,IDN,East Asia & Pacific,Upper middle income,0,0,3065.683484,0.0847,177.73496,396,10.92,2280320.0,85.7839,23.41590864,7.436710737,13.96382727,12.31181455,653.9566368
Indonesia,2011,0,0.0,0.594617259,0,IDN,East Asia & Pacific,Upper middle income,0,0,3579.464425,0.0847,177.73496,595,12.28,2736380.0,100.135,25.02744419,7.57331593,19.06271156,10.81714077,697.5507182
Indonesia,2012,0,0.0,0.729720014,0,IDN,East Asia & Pacific,Upper middle income,0,0,3632.27254,0.0847,177.73496,1320,14.52,2983000.0,111.581,29.04253912,5.468282262,14.90106598,10.87175716,749.7313251
Indonesia,2013,0,0.0,0.884546908,0,IDN,East Asia & Pacific,Upper middle income,0,0,3566.602845,0.0847,177.73496,1970,14.94,3251800.0,122.425,29.89452917,4.535658204,14.35948164,9.676062629,793.5002636
Indonesia,2014,0,0.0,1.15609918,0,IDN,East Asia & Pacific,Upper middle income,0,0,3441.068085,0.13825,177.73496,3006,17.1432,3400000.0,125.767,29.99049105,4.844185272,13.58956045,9.32850762,836.1409719
Indonesia,2015,0,0.0,1.57395346,0,IDN,East Asia & Pacific,Upper middle income,0,0,3288.222697,0.19180000000000003,177.73496,4569,22.0627,3983000.0,129.469,32.45902004,4.370320869,12.53035232,8.889878244,857.6495191
Indonesia,2016,0,0.0,2.541735753,0,IDN,East Asia & Pacific,Upper middle income,0,0,3521.469435,0.24535,177.73496,80094,25.4474,5227390.0,145.704,34.83071734,4.160495547,11.88129493,7.998609749,907.7177332
Indonesia,2017,0,0.0,3.134635073,0,IDN,East Asia & Pacific,Upper middle income,0,0,3798.883262,0.23805,214.08281,338925,32.3358,6215920.0,162.783,35.96701236,3.935373953,10.79011745,8.446327026,951.0498538
Indonesia,2018,0,0.0,3.726538347,0,IDN,East Asia & Pacific,Upper middle income,0,0,3860.953531,0.22632,215.18755,343412,39.9046,8874120.0,118.33,36.1494878,3.927796348,10.91226839,8.212992008,1065.260358
Indonesia,2019,0,0.0,3.977668049,0,IDN,East Asia & Pacific,Upper middle income,0,0,4106.948562,0.27129,387.17063,455692,47.6906,10284400.0,125.244,37.32308627,4.173959217,11.2442769,8.092060947,1107.151401
Indonesia,2020,0,0.0,3.808168896,1,IDN,East Asia & Pacific,Upper middle income,0,0,3853.702888,0.28068,395.34168,513564,53.7265,10800100.0,129.404,38.16506014,8.496550364,21.83326416,8.424746986,1119.61556
Indonesia,2021,0,0.0,3.419542366,0,IDN,East Asia & Pacific,Upper middle income,0,0,4287.17314,0.28068,395.34168,605864,62.1045,12419400.0,132.199,40.62932399,12.31375652,26.58839543,7.20354864,1210.584467
Indonesia,2022,0,0.0,2.922847312,0,IDN,East Asia & Pacific,Upper middle income,0,0,4730.834848,0.28068,395.34168,696075,66.4846,13443900.0,122.873,42.32603855,10.22261714,20.22849318,8.308193067,1330.987684
Indonesia,2023,0,0.0,3.152208068,0,IDN,East Asia & Pacific,Upper middle income,0,0,4876.307745,0.28068,395.34168,765509,69.2084,13543900.0,125.238,44.88130349,8.253349166,15.55758258,9.083086878,1445.214635
Indonesia,2024,0,0.0,3.188768675,0,IDN,East Asia & Pacific,Upper middle income,0,0,4925.430488,0.28068,395.34168,833310,72.7808,13543900.0,125.238,44.88130349,9.638455958,16.02893055,8.711043904,1445.214635
Ireland,2010,1,0.02511,0.552342436,0,IRL,Europe & Central Asia,High income,1,1,48623.96664,1.59477,3116.61747,4375,69.85,1019960.0,103.123,63.12643814,42.53463935,66.44182575,22.91458419,5870.853074
Ireland,2011,1,0.040495,0.420607324,0,IRL,Europe & Central Asia,High income,1,1,52613.85404,1.55153,3341.4018,6907,74.89,1070780.0,107.135,67.79859161,42.57997835,70.55508117,24.90677209,5610.814125
Ireland,2012,3,0.194814,0.533122062,2,IRL,Europe & Central Asia,High income,1,1,49335.84081,1.56028,4873.66344,11346,76.92,1112080.0,108.99,68.19725037,39.69885844,64.3825915,25.58635869,5616.222343
Ireland,2013,0,0.0,0.441087168,0,IRL,Europe & Central Asia,High income,1,1,52537.61086,1.56908,5141.73776,12215,78.2477,1189210.0,105.538,71.69954681,35.92251764,69.20371831,24.98393282,5670.640873
Ireland,2014,1,0.140446,0.404215107,0,IRL,Europe & Central Asia,High income,1,1,57214.53798,1.51798,5290.95054,13078,83.4917,1258760.0,105.461,73.81323242,37.16684569,70.2342645,24.91892315,5644.582995
Ireland,2015,0,0.0,0.359465352,0,IRL,Europe & Central Asia,High income,1,1,64250.13852,1.17974,5242.06636,15020,83.4948,1309470.0,104.243,77.23214722,36.43073177,69.94244922,28.33894943,5761.005471
Ireland,2016,3,0.980785,0.40946239,0,IRL,Europe & Central Asia,High income,1,1,64129.55715,1.17716,5143.85544,55844,83.5,1360200.0,102.558,77.55713654,36.99317983,69.00475397,32.84181715,5830.069443
Ireland,2017,2,1.63832,0.353538744,0,IRL,Europe & Central Asia,High income,1,1,72161.40475,1.24866,5114.19434,185553,84.114,1398800.0,101.842,77.78061676,36.98920304,67.31396828,29.33402625,5829.584801
Ireland,2018,7,9.059315,0.382919488,4,IRL,Europe & Central Asia,High income,1,1,80804.11232,1.10698,4656.77702,338734,87.0001,1430160.0,102.03,77.28288269,46.63007087,75.19572557,25.01527823,5923.81986
Ireland,2019,13,21.43843,0.298762327,4,IRL,Europe & Central Asia,High income,1,1,81827.66889,1.16068,4961.4389,470811,87.0001,1462550.0,104.598,75.17993927,49.59606745,75.99022853,25.97697919,5926.104842
Ireland,2020,14,23.08754,0.351884713,2,IRL,Europe & Central Asia,High income,1,1,86514.07061,1.14551,5196.11055,577386,91.9999,1516470.0,105.046,74.68031311,50.51060429,77.30304804,25.89915447,5951.886077
Ireland,2021,14,23.08754,0.275165458,7,IRL,Europe & Central Asia,High income,1,1,103783.4463,1.11065,5213.43167,582249,96.4235,1577000.0,106.87,78.77760315,56.57097875,80.7574719,28.47814753,6106.150274
Ireland,2022,3,6.66669,0.272768949,4,IRL,Europe & Central Asia,High income,1,1,105190.686,0.96264,5511.65804,702503,96.6206,1611510.0,110.609,76.60494995,55.21272795,77.68057518,46.78678015,6107.04039
Ireland,2023,5,13.36402,0.298321305,8,IRL,Europe & Central Asia,High income,1,1,106818.9171,0.96264,5511.65804,796381,96.4974,1657260.0,110.798,76.60494995,57.23403046,79.03042285,47.77377328,6144.736233
Ireland,2024,4,11.39421,0.242695024,6,IRL,Europe & Central Asia,High income,1,1,112894.9532,0.96264,5511.65804,655415,96.4974,1657260.0,110.798,76.60494995,57.36960733,76.43327756,53.51843284,6144.736233
Israel,2010,2,0.04934,0.1490784808142034,0,ISR,Middle East & North Africa,High income,1,1,31439.0887,3.86329,1340.2425349999999,3388,67.5,1762000.0,124.183,61.85303116,35.34673499,42.364921,19.37536116,6953.276667
Israel,2011,2,0.1353606,0.0,0,ISR,Middle East & North Africa,High income,1,1,34522.5216,3.93521,1340.2425349999999,5056,68.8739,1879030.0,123.142,61.94562149,39.73457525,47.1727712,18.39857225,6929.872003
Israel,2012,3,0.21305656,0.0,0,ISR,Middle East & North Africa,High income,1,1,33321.43009,4.08052,1340.2425349999999,7123,70.8,1937000.0,121.257,63.59127045,40.3559148,48.49665108,19.89396004,7184.375198
Israel,2013,2,0.283965,0.0,0,ISR,Middle East & North Africa,High income,1,1,37034.31611,4.11678,1340.2425349999999,7740,70.2503,2003000.0,122.59,62.06241989,36.91589855,44.06366291,19.03625824,6709.969601
Israel,2014,2,0.347685,0.0,0,ISR,Middle East & North Africa,High income,1,1,38343.30466,4.20531,1340.2425349999999,8287,75.0178,2131000.0,120.296,62.10562897,42.04045538,50.71094014,19.41305284,6600.89828
Israel,2015,1,0.186118,0.0,0,ISR,Middle East & North Africa,High income,1,1,36213.10415,4.29841,1340.2425349999999,10936,77.3521,2173000.0,131.257,60.82278824,44.09153793,52.57748938,23.65397754,6748.964809
Israel,2016,0,0.0,0.0,0,ISR,Middle East & North Africa,High income,1,1,37671.53891,4.58822,1510.80558,18114,79.6531,2258000.0,128.745,60.4474411,48.21507573,55.66774446,21.81961727,6890.59209
Israel,2017,0,0.0,0.0,0,ISR,Middle East & North Africa,High income,1,1,41138.47096,4.74306,1499.5596375,60711,81.5812,2342000.0,126.049,59.06586838,42.39647797,48.60626567,21.06797885,6844.593897
Israel,2018,0,0.0,0.0,0,ISR,Middle East & North Africa,High income,1,1,42362.66528,4.91451,1488.313695,85381,83.7332,2435000.0,125.733,57.3934288,46.12775016,51.64028398,22.53628401,6812.829288
Israel,2019,0,0.0,0.0,0,ISR,Middle East & North Africa,High income,1,1,44250.63136,5.33099,1494.34444,100634,86.7879,2480950.0,135.143,55.94453812,50.81540428,56.16837405,23.0916656,6986.083499
Israel,2020,0,0.0,0.0,0,ISR,Middle East & North Africa,High income,1,1,44575.5719,5.79681,1546.7658999999999,113823,90.1273,2602080.0,139.426,56.42721939,62.47615606,68.23179255,28.19764307,6819.676401
Israel,2021,0,0.0,0.0,0,ISR,Middle East & North Africa,High income,1,1,52270.90402,5.78276,1700.54202,122034,90.2969,2656750.0,139.775,58.99428177,57.85147559,63.18724375,29.59567587,6809.868323
Israel,2022,0,0.0,0.0,0,ISR,Middle East & North Africa,High income,1,1,54949.62156,6.01924,1782.48674,124727,91.8508,2655180.0,151.138,57.63792038,54.88942544,60.26416639,29.10905404,6842.793618
Israel,2023,0,0.0,0.0,0,ISR,Middle East & North Africa,High income,1,1,52003.72007,6.01924,1863.7054,127299,87.0384,2724660.0,153.337,55.8351593,61.76666899,67.45708369,34.93777358,6772.058077
Israel,2024,0,0.0,0.0,0,ISR,Middle East & North Africa,High income,1,1,54176.68444,6.01924,1863.7054,123214,88.1824,2724660.0,153.337,55.8351593,63.96171487,69.73268768,37.23351738,6772.058077
Italy,2010,7,0.2815106,1.839677331,0,ITA,Europe & Central Asia,High income,1,1,35856.86255,1.21797,1722.66807,7532,53.68,13098000.0,155.684,65.37904358,8.029722016,34.10623879,8.016201761,5443.935611
Italy,2011,5,0.4717465,1.640465116,0,ITA,Europe & Central Asia,High income,1,1,38432.37428,1.20155,1760.64483,11306,54.39,13518700.0,159.093,64.24925232,7.610054403,33.94821721,7.971528257,5455.309567
Italy,2012,8,2.48585121,1.914993466,0,ITA,Europe & Central Asia,High income,1,1,34854.39494,1.26219,1831.34278,18058,55.83,13763400.0,160.559,62.34474182,7.176986921,34.81561188,7.595011402,5339.314535
Italy,2013,6,2.422982,1.978387976,0,ITA,Europe & Central Asia,High income,1,1,35701.6746,1.30107,1916.30366,22587,58.4593,14013000.0,159.698,60.89252853,6.54231483,33.41843882,7.772071453,5152.523445
Italy,2014,5,5.53740934,1.983455672,0,ITA,Europe & Central Asia,High income,1,1,36028.3494,1.3384,1947.34437,29973,55.6385,14382500.0,148.217,60.88314819,7.561189966,32.22589699,7.736913817,5041.25391
Italy,2015,4,6.11518334,1.95738294,0,ITA,Europe & Central Asia,High income,1,1,30639.88298,1.3385,2075.80841,38140,58.1417,14900200.0,144.764,60.94129181,7.446510088,31.08267727,8.15204658,5141.225814
Italy,2016,5,7.83907334,1.985883945,0,ITA,Europe & Central Asia,High income,1,1,31391.56929,1.36642,2209.59265,79125,61.3243,15563300.0,142.127,61.35710144,7.437736445,31.39330851,8.29074617,5124.176284
Italy,2017,8,17.308313,1.500320044,0,ITA,Europe & Central Asia,High income,1,1,32844.11566,1.37013,2322.42382,468800,63.0773,16586400.0,138.882,62.69580078,7.027703179,33.18181914,7.80526865,5248.519672
Italy,2018,5,28.12695,1.573539922,1,ITA,Europe & Central Asia,High income,1,1,34904.10819,1.42443,2524.31271,740648,74.3872,17157900.0,138.265,64.47532654,7.640817622,31.58037687,7.476558858,5247.315742
Italy,2019,5,30.09879,1.662499813,1,ITA,Europe & Central Asia,High income,1,1,33812.78872,1.46159,2670.65345,914642,67.8507,17470500.0,132.181,65.68950653,7.331133237,32.63582687,7.758024596,5260.01731
Italy,2020,7,87.18879,1.768624618,4,ITA,Europe & Central Asia,High income,1,1,32091.48666,1.5066,2614.68181,1229028,70.4834,18128800.0,129.49,68.72310638,10.36278593,42.48811292,8.587243013,4969.241414
Italy,2021,6,78.529,1.714599331,4,ITA,Europe & Central Asia,High income,1,1,36852.54254,1.42658,2658.8949,1467886,74.8623,18686500.0,130.781,71.27452087,8.082666945,44.400811,7.770245655,5290.228549
Italy,2022,6,78.529,1.719279437,8,ITA,Europe & Central Asia,High income,1,1,35653.90421,1.39014,2795.53412,1656567,85.0607,18596000.0,131.674,73.89620972,6.722116727,35.8180085,9.159162313,5215.690121
Italy,2023,7,317.229,1.675973996,8,ITA,Europe & Central Asia,High income,1,1,39277.08388,1.39014,2795.53412,1783922,87.0278,18945300.0,131.872,75.94965363,6.384714396,33.05788215,9.983696894,5047.46897
Italy,2024,11,332.61833,1.721872572,0,ITA,Europe & Central Asia,High income,1,1,40385.3414,1.39014,2795.53412,1806733,89.2207,18945300.0,131.872,75.94965363,5.947843427,31.34877752,11.62988047,5047.46897
Japan,2010,18,1.252711,5.938635178,0,JPN,East Asia & Pacific,High income,1,1,44968.15623,3.10495,5117.18164,70810,78.21,34101800.0,96.1789,62.83818817,1.324009593,31.54865576,19.12268728,8774.279691
Japan,2011,26,11.1822364,5.645216448,0,JPN,East Asia & Pacific,High income,1,1,48760.07895,3.20537,5123.33234,86878,79.0541,35696200.0,103.642,62.83818817,1.390853893,32.42447775,18.39225376,8322.459772
Japan,2012,35,18.0111493,6.039804674,2,JPN,East Asia & Pacific,High income,1,1,49145.28043,3.17371,5048.63399,116093,79.4964,36132400.0,110.319,62.83818817,1.695115387,36.31461439,18.23824796,8271.262801
Japan,2013,30,20.307189,5.857624212,0,JPN,East Asia & Pacific,High income,1,1,40898.6479,3.27896,5166.83422,134421,88.2194,36918700.0,115.787,62.83818817,1.998469056,35.11463807,17.75875891,8290.745027
Japan,2014,30,23.94124044,5.187234972,0,JPN,East Asia & Pacific,High income,1,1,38475.39525,3.36788,5351.53211,175217,89.1068,37788900.0,123.822,62.72698975,1.952851459,51.99721521,17.78053472,8113.242088
Japan,2015,40,34.03920098,5.179253458,0,JPN,East Asia & Pacific,High income,1,1,34960.63938,3.24071,5198.48902,191255,91.058,38872600.0,126.151,62.47266006,1.999040198,49.40100687,18.04548893,8007.094486
Japan,2016,29,39.002022,5.712092899,3,JPN,East Asia & Pacific,High income,1,1,39375.47316,3.10666,5232.70894,267900,93.1827,39805600.0,131.215,63.18722916,2.196124098,49.20572096,17.62042385,8066.015613
Japan,2017,33,62.481816,5.187350304,1,JPN,East Asia & Pacific,High income,1,1,38834.05293,3.16636,5319.83455,758209,91.7265,40532500.0,135.986,62.46297836,2.709819284,48.9889855,17.59427747,8190.601077
Japan,2018,36,110.0898105,4.854735302,1,JPN,East Asia & Pacific,High income,1,1,39751.1331,3.2192,5339.51713,1476696,88.7464,41496300.0,141.729,62.2089386,2.518646966,48.20964694,17.29705281,8058.015472
Japan,2019,28,116.1843,4.207630746,1,JPN,East Asia & Pacific,High income,1,1,40415.95676,3.21824,5376.11987,2361325,92.7304,42502500.0,147.21,62.11849976,3.559381183,49.84232584,17.03038445,7853.039887
Japan,2020,29,527.60751,3.968481997,6,JPN,East Asia & Pacific,High income,1,1,40028.73417,3.26458,5450.44287,2884902,90.2195,44000800.0,154.432,62.13584137,6.233825318,60.05582537,18.63334879,7687.258932
Japan,2021,34,631.03648,3.358903221,10,JPN,East Asia & Pacific,High income,1,1,40094.55998,3.27677,5589.76698,3233771,82.9141,45168100.0,159.516,63.17026901,6.141483475,62.11188284,18.00399135,7960.012092
Japan,2022,33,626.50593,3.002515912,2,JPN,East Asia & Pacific,High income,1,1,34065.6439,3.40537,5629.79566,3620375,84.9234,46050900.0,168.603,64.62882996,6.574264711,59.79421253,18.25926154,7800.080606
Japan,2023,33,654.14724,2.885982681,5,JPN,East Asia & Pacific,High income,1,1,33836.17563,3.40537,5629.79566,3947391,86.9815,48046000.0,178.432,64.89122009,5.635356314,52.23877474,17.10280607,7655.016417
Japan,2024,29,672.08551,2.961369903,3,JPN,East Asia & Pacific,High income,1,1,32487.0778,3.40537,5629.79566,4082355,86.9815,48046000.0,178.432,64.89122009,4.830833711,44.67163347,17.55474152,7655.016417
Mexico,2010,0,0.0,0.582583379,0,MEX,Latin America & Caribbean,Upper middle income,1,1,9728.800784,0.47353,341.23898,1531,31.05,10582900.0,80.4263,27.1670208,2.744799875,6.930883598,22.13579317,2027.161628
Mexico,2011,0,0.0,0.665764586,0,MEX,Latin America & Caribbean,Upper middle income,1,1,10664.4944,0.45268,348.02663,2001,37.1763,11566100.0,82.0725,28.03615952,2.985729068,7.994814977,21.14812069,2225.288117
Mexico,2012,0,0.0,0.549185643,0,MEX,Latin America & Caribbean,Upper middle income,1,1,10744.13352,0.40284,250.69335,3146,39.75,13077300.0,86.2256,29.34964943,2.935035089,7.532237306,21.35332369,2261.959026
Mexico,2013,0,0.0,0.717664145,0,MEX,Latin America & Caribbean,Upper middle income,1,1,11216.80085,0.40806,254.46546,3756,43.46,12747900.0,90.2012,30.33016014,3.240193041,11.47309567,20.51094476,2152.841878
Mexico,2014,0,0.0,0.575220497,0,MEX,Latin America & Caribbean,Upper middle income,1,1,11391.37735,0.41962,262.92059,4930,44.3857,13032500.0,87.6145,31.20528984,3.111190429,11.40908303,20.22209978,2167.59696
Mexico,2015,1,0.277504,0.632776864,0,MEX,Latin America & Caribbean,Upper middle income,1,1,10021.23861,0.41477,284.58114,7054,57.431,14757700.0,88.9454,31.97186089,3.048528941,11.13349872,19.57270211,2225.42222
Mexico,2016,0,0.0,0.686478588,0,MEX,Latin America & Caribbean,Upper middle income,1,1,9097.923977,0.37601,319.5511,14758,59.5404,15924000.0,91.3942,38.58977127,2.625485406,8.683780802,20.65411164,2292.03193
Mexico,2017,0,0.0,0.669913566,0,MEX,Latin America & Caribbean,Upper middle income,1,1,9649.278168,0.31955,273.56869,23144,53.0318,17000500.0,92.6494,40.33906937,2.431057307,7.460571598,21.16809678,2269.107542
Mexico,2018,0,0.0,0.59637684,0,MEX,Latin America & Caribbean,Upper middle income,1,1,10084.79376,0.29816,278.43618,28487,56.6596,18358900.0,96.4612,41.63827896,2.630354014,11.28561191,20.89174564,2499.620486
Mexico,2019,0,0.0,0.51707623,0,MEX,Latin America & Caribbean,Upper middle income,1,1,10369.55536,0.27606,282.18884,34635,69.6321,19353100.0,97.0359,43.04413986,2.974285907,9.16498989,20.40685841,2392.190414
Mexico,2020,0,0.0,0.516810532,0,MEX,Latin America & Caribbean,Upper middle income,1,1,8841.27075,0.29191,281.59287,41615,71.4902,22509400.0,96.9237,45.16545105,4.519112211,12.82724265,21.50742497,2354.268353
Mexico,2021,0,0.0,0.406089829,0,MEX,Latin America & Caribbean,Upper middle income,1,1,10314.05067,0.27378,273.14814,44523,75.6265,24610100.0,99.0948,45.65061951,3.810245801,11.78834351,19.81134064,2294.251852
Mexico,2022,0,0.0,0.354824821,0,MEX,Latin America & Caribbean,Upper middle income,1,1,11405.79405,0.25782,273.66785,49116,78.6322,26090500.0,105.713,46.40613174,3.181536966,7.701774765,20.53436923,2371.966461
Mexico,2023,0,0.0,0.375387835,0,MEX,Latin America & Caribbean,Upper middle income,1,1,13860.95978,0.26819,272.31856,53468,81.1832,26062400.0,111.562,47.47468185,2.922405991,7.437517078,17.73182847,2608.52188
Mexico,2024,0,0.0,0.360736874,0,MEX,Latin America & Caribbean,Upper middle income,1,1,14185.78122,0.26819,272.31856,69573,81.1832,26062400.0,111.562,47.47468185,3.85322687,7.530900302,19.30338121,2608.52188
Netherlands,2010,4,0.1379027,1.209730125,0,NLD,Europe & Central Asia,High income,1,1,51305.73385,1.70404,3210.02025,34640,90.72,6329000.0,114.357,63.70497894,8.734630215,54.84635352,27.86499643,7006.273821
Netherlands,2011,1,0.0509239,1.321994727,0,NLD,Europe & Central Asia,High income,1,1,54701.7728,1.88131,3648.13368,53432,91.42,6498010.0,117.674,75.51879883,8.851767895,56.26039063,25.2390821,7060.053768
Netherlands,2012,0,0.0,1.151862347,0,NLD,Europe & Central Asia,High income,1,1,50473.9442,1.91627,4336.14629,81309,92.86,6654000.0,116.564,75.81416321,8.971423649,57.01964882,25.48329427,6872.769989
Netherlands,2013,2,0.258034,1.282021642,1,NLD,Europe & Central Asia,High income,1,1,52602.28605,2.15606,4887.39056,95253,93.9564,6792000.0,114.734,77.26282501333334,8.742414994,56.85264163,24.66590511,6827.603575
Netherlands,2014,5,1.0055267,1.275412808,0,NLD,Europe & Central Asia,High income,1,1,53457.22349,2.1733,4926.09272,121508,91.6667,6851000.0,114.867,78.71148681666666,15.180596,54.0572211,24.55596876,6709.217096
Netherlands,2015,3,1.5569567,1.165380177,0,NLD,Europe & Central Asia,High income,1,1,45793.81354,2.14606,4891.78146,164806,91.7241,7029100.0,121.638,80.16014862,8.62348283,61.11114826,24.07401292,6711.777852
Netherlands,2016,3,2.117521,1.323702774,0,NLD,Europe & Central Asia,High income,1,1,46808.52915,2.15081,5109.20509,410955,90.411,7222770.0,121.42,79.8454895,9.79046566,58.82760261,24.00874049,6731.467194
Netherlands,2017,4,3.322302,1.040972024,0,NLD,Europe & Central Asia,High income,1,1,49513.68173,2.17857,5273.17623,1206251,93.1973,7289580.0,118.577,83.20098877,9.249432916,58.99573311,22.92190252,6727.979016
Netherlands,2018,9,11.729307,1.030582566,1,NLD,Europe & Central Asia,High income,1,1,53955.077,2.1388,5496.79039,1733183,91.8919,7406700.0,121.162,83.65247345,9.054315538,58.28950068,22.51320612,6790.770272
Netherlands,2019,13,20.87783,1.048203246,2,NLD,Europe & Central Asia,High income,1,1,53554.90075,2.18435,5592.12175,2259681,93.2886,7458570.0,124.088,84.49477768,9.197055441,59.14865898,23.04823469,6757.327842
Netherlands,2020,15,24.73665,0.924935627,1,NLD,Europe & Central Asia,High income,1,1,53467.92774,2.32182,5799.27532,2387096,91.3333,7525020.0,121.423,85.33708191,10.57183482,62.37945836,23.16397609,6643.579967
Netherlands,2021,16,41.32665,0.80464351,0,NLD,Europe & Central Asia,High income,1,1,60141.98809,2.26877,6003.86605,2877760,92.053,7614580.0,123.448,89.38986206,9.033978064,63.84545877,22.00232119,6708.817933
Netherlands,2022,6,27.62711,0.790336974,0,NLD,Europe & Central Asia,High income,1,1,59123.31856,2.25533,6319.17518,3207131,92.5197,7799940.0,115.821,87.991844175,9.326684168,62.20785119,21.95783801,6352.076964
Netherlands,2023,8,34.90712,0.881852524,4,NLD,Europe & Central Asia,High income,1,1,63515.60308,2.25533,6319.17518,3485374,97.0068,7827630.0,117.352,86.59382629,9.616921707,62.13606717,23.78506194,6189.085186
Netherlands,2024,9,84.72352,0.742494557,0,NLD,Europe & Central Asia,High income,1,1,67520.4219,2.25533,6319.17518,3574989,97.0068,7827630.0,117.352,86.59382629,9.524873966,62.08150814,23.46800528,6189.085186
New Zealand,2010,7,0.2113163,0.181359269,0,NZL,East Asia & Pacific,High income,1,1,33761.90096,1.23222,3731.3373,6042,80.46,1092000.0,108.331,80.38854218,4.212321267,18.40277715,9.715339907,9629.944607
New Zealand,2011,0,0.0,0.253733406,0,NZL,East Asia & Pacific,High income,1,1,38431.77668,1.23222,3731.3373,8913,81.23,1178000.0,109.978,80.38854218,4.405697176,19.02074701,9.973780605,9496.122263
New Zealand,2012,0,0.0,0.260114423,0,NZL,East Asia & Pacific,High income,1,1,40053.69915,1.192795,3887.646535,12618,81.6445,1272000.0,111.568,80.38854218,4.379058789,20.10765146,10.08321405,9442.390145
New Zealand,2013,0,0.0,0.175416983,1,NZL,East Asia & Pacific,High income,1,1,43000.46468,1.15337,4043.95577,14188,82.78,1316000.0,107.009,80.38854218,4.182348241,18.91830278,10.72643993,9201.954031
New Zealand,2014,0,0.0,0.228518336,0,NZL,East Asia & Pacific,High income,1,1,44618.26697,1.19063,4760.42967,15743,84.0,1410000.0,112.757,80.71000671,4.164551902,17.88160863,9.914291777,9108.158973
New Zealand,2015,0,0.0,0.281865396,0,NZL,East Asia & Pacific,High income,1,1,38665.3723,1.22789,5476.90357,18074,85.2,1450900.0,121.369,82.18184662,4.32632056,16.52325459,10.11254523,9066.906756
New Zealand,2016,1,0.4706488,0.300283768,0,NZL,East Asia & Pacific,High income,1,1,40113.71954,1.28847,5256.23098,30178,86.5,1530500.0,129.381,81.86335754,4.538985764,17.2653551,10.87770203,8741.435269
New Zealand,2017,1,0.549117,0.253554633,0,NZL,East Asia & Pacific,High income,1,1,42950.38417,1.34905,5035.55839,71815,87.7,1583000.0,132.98,81.26985931,4.184116112,15.77685335,9.252291074,8662.123982
New Zealand,2018,1,0.908892,0.203786254,1,NZL,East Asia & Pacific,High income,1,1,43257.07692,1.37854,5350.47072,86339,89.0,1647640.0,128.937,81.25131226,4.223438837,13.21865573,9.811754429,8519.773089
New Zealand,2019,0,0.0,0.191010243,2,NZL,East Asia & Pacific,High income,1,1,42855.83186,1.40803,5665.38305,100186,89.8637,1697530.0,120.475,77.58437347,4.962361982,17.37959288,9.865946092,8479.568638
New Zealand,2020,0,0.0,0.216584915,1,NZL,East Asia & Pacific,High income,1,1,41997.78303,1.4368599999999998,5380.07232,104397,95.2342,1764980.0,123.001,75.73483276,8.046268825,27.22486691,9.608749742,8195.725889
New Zealand,2021,0,0.0,0.127384893,0,NZL,East Asia & Pacific,High income,1,1,49950.42517,1.46569,5094.76159,82091,96.1151,1801120.0,114.455,79.41288757,11.34080884,42.83356586,9.761107814,8203.398497
New Zealand,2022,0,0.0,0.154017858,0,NZL,East Asia & Pacific,High income,1,1,49099.70904,1.46569,5094.76159,94008,96.1942,1863050.0,115.984,77.01046753,9.901248198,35.43220442,12.05434154,8155.93207
New Zealand,2023,0,0.0,0.157376026,4,NZL,East Asia & Pacific,High income,1,1,49075.95628,1.46569,5094.76159,98767,96.1638,1958080.0,126.855,76.38114166,6.951027451,21.96557398,12.64948574,8021.153846
New Zealand,2024,0,0.0,0.147300819,0,NZL,East Asia & Pacific,High income,1,1,49205.17921,1.46569,5094.76159,98973,96.1638,1958080.0,126.855,76.38114166,6.238852309,20.8926136,12.96707504,8021.153846
Poland,2010,5,0.1690402,0.801574632,0,POL,Europe & Central Asia,High income,1,1,12567.73177,0.72619,1697.02812,5897,62.32,5858500.0,123.249,76.55712128,5.779450205,34.51584178,7.719089568,3797.092296
Poland,2011,5,0.3150747,0.678494704,0,POL,Europe & Central Asia,High income,1,1,13867.66694,0.75221,1679.90071,8655,61.95,6972130.0,131.28,75.80210114,6.452497942,32.9932906,6.618920414,3879.542094
Poland,2012,5,0.474237,0.863126012,1,POL,Europe & Central Asia,High income,1,1,13087.42094,0.88997,1752.07893,15198,62.31,6887680.0,141.41,75.03829193,7.165605096,32.09345143,7.811513839,3899.176642
Poland,2013,3,0.561203,0.873310379,0,POL,Europe & Central Asia,High income,1,1,13621.90238,0.88483,1868.31303,19695,62.8492,7031060.0,148.912,73.31726837,7.797306551,32.36703949,8.745017672,3938.255208
Poland,2014,2,0.455909,1.152455844,0,POL,Europe & Central Asia,High income,1,1,14262.28419,0.95076,2054.74753,25891,66.5987,7233850.0,148.713,70.2389679,8.842241848,33.380771,10.06862779,3971.799761
Poland,2015,7,3.350838,1.185740676,0,POL,Europe & Central Asia,High income,1,1,12637.52203,1.00423,2158.37831,36309,67.997,7265550.0,142.52,69.37319946,9.922991802,34.39398388,10.77552133,4056.081948
Poland,2016,6,5.723116,1.05089934,1,POL,Europe & Central Asia,High income,1,1,12464.01105,0.96821,2304.00747,94640,73.3007,7327920.0,138.519,69.85037994,10.87765196,35.15513224,10.7154228,4191.167642
Poland,2017,6,5.739053,0.968557966,0,POL,Europe & Central Asia,High income,1,1,13913.34029,1.03785,2994.85672,248163,75.9854,7633080.0,131.901,70.61746216,11.00702576,35.15119162,10.66731873,4285.891922
Poland,2018,4,4.604365,0.954620239,0,POL,Europe & Central Asia,High income,1,1,15658.21203,1.2061,3079.49249,616219,77.5417,7851420.0,126.266,71.02174377,11.70119382,35.51322566,10.39503339,4393.419312
Poland,2019,1,1.67009,0.755196377,3,POL,Europe & Central Asia,High income,1,1,15874.52205,1.32335,3159.06604,782319,80.4359,7837960.0,126.597,70.90650177,12.21540907,35.34037359,9.852934836,4363.438097
Poland,2020,1,1.67009,0.652751783,5,POL,Europe & Central Asia,High income,1,1,16150.93048,1.38608,3260.15498,954351,83.1849,8369220.0,129.288,70.97303772,14.14932901,39.32720886,9.86616549,4299.900938
Poland,2021,4,9.27083,0.605481963,9,POL,Europe & Central Asia,High income,1,1,18635.51049,1.43183,3558.20467,1161013,85.3749,8679490.0,132.987,72.20606232,14.27321246,40.01922816,9.445565143,4631.200107
Poland,2022,5,14.32183,0.504115548,2,POL,Europe & Central Asia,High income,1,1,18891.21212,1.45383,3721.07204,1280389,86.9411,9150140.0,137.002,75.29110718,14.13487953,37.32149223,11.63258778,4552.82556
Poland,2023,3,10.9234,0.542240691,7,POL,Europe & Central Asia,High income,1,1,22145.26606,1.45383,3721.07204,1369941,86.4147,10122500.0,135.146,76.87940979,15.48661588,38.7657021,12.12231897,4381.864235
Poland,2024,8,65.75146,0.456131012,7,POL,Europe & Central Asia,High income,1,1,25103.56566,1.45383,3721.07204,1503749,88.585,10122500.0,135.146,76.87940979,16.71753337,39.9854586,13.5099699,4381.864235
Saudi Arabia,2010,4,0.3108649,0.279545141,0,SAU,Middle East & North Africa,High income,0,1,22028.39014,0.884,512.05775,359,41.0,1711600.0,204.969,29.32448028,3.174112883,6.351113949,0.750807775,9119.883169
Saudi Arabia,2011,4,0.35924,0.369809392,0,SAU,Middle East & North Africa,High income,0,1,27126.74987,0.89068,512.05775,577,47.5,1951460.0,206.852,33.14537048,2.473727106,5.510015883,0.590662977,9027.028559
Saudi Arabia,2012,3,0.31747,0.34877765,0,SAU,Middle East & North Africa,High income,0,1,28733.43755,0.8699,512.05775,1176,54.0,2540150.0,195.843,39.795681,2.973575951,6.973358819,0.661180453,10145.646
Saudi Arabia,2013,4,1.272515,0.42858987,0,SAU,Middle East & North Africa,High income,0,1,27865.4656,0.80736,512.05775,1556,60.5,3805286.666666667,189.476,46.1803093,2.684102891,6.889908496,0.712767947,10244.67706
Saudi Arabia,2014,4,1.9818936,0.499765235,0,SAU,Middle East & North Africa,High income,0,1,27805.48503,0.7631685714285714,512.05775,2189,64.7137,5070423.333333334,181.857,53.18038402,3.072561494,7.205633498,0.590932385,11159.73554
Saudi Arabia,2015,7,9.9798636,0.576897399,0,SAU,Middle East & North Africa,High income,0,1,23256.15496,0.7189771428571429,512.05775,2836,69.6162,6335560.0,176.134,57.08927714,1.884891655,6.214646523,0.787374422,11233.92503
Saudi Arabia,2016,5,9.5776636,0.532422572,0,SAU,Middle East & North Africa,High income,0,1,22267.72171,0.6747857142857143,512.05775,3442,74.8793,6397540.0,156.041,63.98266234,1.724267918,5.495148567,1.305373511,11051.23124
Saudi Arabia,2017,6,10.062165,0.620406612,0,SAU,Middle East & North Africa,High income,0,1,23929.29071,0.6305942857142857,512.05775,5521,94.1756,6653290.0,130.63,70.7471343,1.444249063,5.063538012,0.734713775,11201.08544
Saudi Arabia,2018,4,10.9257086,0.559649,0,SAU,Middle East & North Africa,High income,0,1,29360.0659,0.5864028571428571,512.05775,5445,93.31,6821870.0,136.046,73.19717364,6.180374198,9.323130022,0.544773696,11788.30598
Saudi Arabia,2019,3,10.10913,0.705274514,4,SAU,Middle East & North Africa,High income,0,1,29566.79338,0.5422114285714286,512.05775,6256,95.7247,6801950.0,135.526,77.9664942,6.444447016,13.47825981,0.644531121,11871.75313
Saudi Arabia,2020,3,10.10913,0.876044755,5,SAU,Middle East & North Africa,High income,0,1,24338.83073,0.49802,512.05775,7977,97.8623,7890260.0,139.444,73.75108664,14.31848193,26.96370467,0.605067588,11356.68763
Saudi Arabia,2021,6,55.25304,0.817169023,4,SAU,Middle East & North Africa,High income,0,1,31920.76537,0.44266,794.29927,9434,100.0,10588200.0,145.004,71.54177094,13.20806372,25.67729577,0.30571524,12069.98367
Saudi Arabia,2022,6,55.25304,1.139668886,5,SAU,Middle East & North Africa,High income,0,1,38510.22762,0.46317,958.18871,10417,100.0,13456700.0,149.798,69.34575653,4.86728331,13.58335618,0.295273431,11835.31776
Saudi Arabia,2023,6,55.25304,0.96678214,18,SAU,Middle East & North Africa,High income,0,1,36156.84834,0.56486,1120.62603,14342,100.0,14494300.0,157.775,76.61494305,3.793188607,12.71649556,0.590629142,11835.31776
Saudi Arabia,2024,8,99.39834,0.997948758,26,SAU,Middle East & North Africa,High income,0,1,35121.66287,0.56486,1120.62603,17042,100.0,14494300.0,157.775,83.88412957,3.45004286,12.77304453,0.544002127,11835.31776
Singapore,2010,1,0.03254,0.0,0,SGP,East Asia & Pacific,High income,0,1,47236.68308,1.92918,6368.34517,2699,71.0,1338400.0,145.452,93.26968128,3.529713463,20.93747237,52.3392376,8688.069412
Singapore,2011,2,0.094073,0.0,0,SGP,East Asia & Pacific,High income,0,1,53891.45703,2.06955,6578.63079,4810,71.0,1408200.0,150.404,95.98174524,4.159572837,22.47798524,47.7371557,8651.755275
Singapore,2012,1,0.0677715,0.0,0,SGP,East Asia & Pacific,High income,0,1,55547.55531,1.91833,6514.09973,10088,72.0,1432800.0,152.41,101.9968124,5.19456114,23.20330446,48.46261992,8673.796979
Singapore,2013,0,0.0,0.0,0,SGP,East Asia & Pacific,High income,0,1,56967.42579,1.92104,6734.96456,13765,80.9021,1493400.0,156.679,97.482853755,5.374936768,23.33899582,50.32718572,8680.606361
Singapore,2014,0,0.0,0.0,0,SGP,East Asia & Pacific,High income,0,1,57564.80231,2.08228,6756.24778,13915,79.0292,1474000.0,148.478,92.96889511,5.180883911,22.9625155,50.64032558,8844.687593
Singapore,2015,0,0.0,0.0,0,SGP,East Asia & Pacific,High income,0,1,55645.60686,2.17445,7134.93412,19844,79.013,1486200.0,149.006,88.454936465,5.791873336,25.48224859,52.217455,8948.68692
Singapore,2016,1,1.01,0.0,0,SGP,East Asia & Pacific,High income,0,1,57005.58872,2.07276,7052.85651,106879,84.4523,1591900.0,151.682,83.94097782,7.904943357,25.34897312,52.2327295,9040.028834
Singapore,2017,1,1.01,0.0,6,SGP,East Asia & Pacific,High income,0,1,61236.25127,1.89913,6950.10748,329385,84.4523,1475700.0,149.568,84.79291385,7.683178236,23.39461352,53.07204429,9218.044874
Singapore,2018,2,1.834555,0.0,9,SGP,East Asia & Pacific,High income,0,1,66881.6067,1.80947,7002.45715,477674,88.1656,1493600.0,152.074,88.88644534,7.150867134,22.82621036,51.5722801,9326.125495
Singapore,2019,5,7.71959,0.0,5,SGP,East Asia & Pacific,High income,0,1,65952.0379,1.88474,7509.61271,698581,88.9493,1504000.0,159.347,91.08899044,6.592236925,23.06316177,51.81656901,9451.801144
Singapore,2020,4,6.59644,0.0,9,SGP,East Asia & Pacific,High income,0,1,61410.07926,2.15626,7503.32643,729931,92.0043,1509700.0,150.259,93.13476718,8.94196289,24.95898396,55.26155801,9306.506535
Singapore,2021,4,6.59644,0.0,7,SGP,East Asia & Pacific,High income,0,1,80056.12882,2.15626,7916.99926,963602,96.9247,1526400.0,157.978,97.09891031,8.336976107,23.60368467,54.97227525,10220.46859
Singapore,2022,3,8.57083,0.0,3,SGP,East Asia & Pacific,High income,0,1,90299.06946,2.15626,7916.99926,1198709,95.9539,1556600.0,173.005,98.0222265,7.309994543,21.16527354,56.82691899,10143.47647
Singapore,2023,3,9.03783,0.0,15,SGP,East Asia & Pacific,High income,0,1,85412.23035,2.15626,7916.99926,1353061,94.2852,1588200.0,173.2,97.28865469,8.171631644,24.18537941,56.13837586,9750.495467
Singapore,2024,3,9.03783,0.0,6,SGP,East Asia & Pacific,High income,0,1,90674.06663,2.15626,7916.99926,1265721,94.3776,1588200.0,173.2,97.28865469,7.785143377,23.05416348,59.42978294,9750.495467
South Africa,2010,1,0.02544,0.257523711,0,ZAF,Sub-Saharan Africa,Upper middle income,0,0,7973.471958,0.66284,359.80904,2667,24.0,743000.0,96.2325,17.94472348,2.872475359,17.10491216,6.238573015,4444.783993
South Africa,2011,0,0.0,0.318742663,0,ZAF,Sub-Saharan Africa,Upper middle income,0,0,8646.055711,0.66753,381.96714,4281,33.97,907000.0,120.766,17.94472348,3.115360187,18.89568278,6.207707226,4480.89596
South Africa,2012,1,0.06133,0.30593103,0,ZAF,Sub-Saharan Africa,Upper middle income,0,0,8076.976785,0.66934,400.95517,7539,41.0,1107200.0,127.168,17.94472348,3.187725114,19.11634,6.687136205,4288.917634
South Africa,2013,0,0.0,0.280390926,0,ZAF,Sub-Saharan Africa,Upper middle income,0,0,7331.654674,0.6633,430.44849,9298,46.5,1615210.0,140.576,18.60882253,3.53642917,20.39954663,6.522699586,4207.920398
South Africa,2014,0,0.0,0.272341489,0,ZAF,Sub-Saharan Africa,Upper middle income,0,0,6856.731371,0.70987,427.63838,12102,49.0,1706310.0,142.604,18.48133564,3.240769327,20.62810242,6.660154456,4118.709726
South Africa,2015,0,0.0,0.203895844,0,ZAF,Sub-Saharan Africa,Upper middle income,0,0,6112.273825,0.73147,466.56084,15107,51.9191,1409350.0,155.138,19.03329495,3.529939015,22.84092673,7.406458153,4023.197637
South Africa,2016,1,0.782886,0.286896286,1,ZAF,Sub-Saharan Africa,Upper middle income,0,0,5651.205852,0.74992,481.99586,51575,54.0,1150770.0,143.929,18.92929803,3.739043863,24.53018457,6.6571232,3935.657826
South Africa,2017,1,1.02932,0.238556395,0,ZAF,Sub-Saharan Africa,Upper middle income,0,0,6618.335083,0.76257,516.53674,537554,56.1674,1123190.0,153.548,21.09029096,3.84575979,25.17009344,5.679824427,3939.817155
South Africa,2018,1,1.02932,0.175408305,0,ZAF,Sub-Saharan Africa,Upper middle income,0,0,6914.178032,0.68586,500.79079,695336,62.4,1107010.0,157.692,22.35154252,3.73914206,26.49939869,5.273312669,3906.317644
South Africa,2019,3,3.27562,0.269493099,1,ZAF,Sub-Saharan Africa,Upper middle income,0,0,6533.71121,0.61304,479.86558,840493,69.6969,1250360.0,162.739,22.24424651,4.345251014,26.15703339,4.895522634,3768.651967
South Africa,2020,0,0.0,0.28756702,1,ZAF,Sub-Saharan Africa,Upper middle income,0,0,5580.603831,0.6024,459.98774,855339,72.1128,1303060.0,158.447,22.61487426,8.216744244,42.12815043,5.62171976,3477.819011
South Africa,2021,0,0.0,0.216873215,0,ZAF,Sub-Saharan Africa,Upper middle income,0,0,6828.756246,0.61503,454.79773,987583,74.9686,1694650.0,163.128,22.343129,8.935056377,48.48722256,5.54756049,3518.452707
South Africa,2022,0,0.0,0.209103404,0,ZAF,Sub-Saharan Africa,Upper middle income,0,0,6534.248678,0.61729,444.16281,935049,75.4556,1948060.0,160.729,23.72710362,7.343743983,39.74626588,5.521969233,3404.623491
South Africa,2023,0,0.0,0.234622707,0,ZAF,Sub-Saharan Africa,Upper middle income,0,0,6034.27209,0.61729,444.16281,934721,75.6592,2152800.0,171.509,23.4937688,9.243540693,38.61453261,4.955515712,3247.148533
South Africa,2024,0,0.0,0.187509,0,ZAF,Sub-Saharan Africa,Upper middle income,0,0,6267.186814,0.61729,444.16281,1066247,75.6592,2152800.0,171.509,23.4937688,9.478597902,39.2688084,5.705758415,3247.148533
South Korea,2010,1,0.2748,1.707306313,0,KOR,East Asia & Pacific,High income,1,1,24071.26205,3.31578,5429.43919,8688,83.7,17194300.0,104.097,101.6732864,1.243298569,35.96909897,32.13439748,9223.089297
South Korea,2011,4,0.950833,1.729751355,0,KOR,East Asia & Pacific,High income,1,1,26175.23986,3.59199,5908.82443,10413,83.7591,17859500.0,106.878,100.8196793,1.456166485,40.72793969,28.21332104,10183.40482
South Korea,2012,3,0.9076,1.803534151,0,KOR,East Asia & Pacific,High income,1,1,26600.54774,3.8504,6393.34374,13470,84.07,18252700.0,108.115,98.28697968,1.471673342,42.50399722,28.22207576,10320.08998
South Korea,2013,4,1.0144,2.048949535,0,KOR,East Asia & Pacific,High income,1,1,28449.35911,3.95124,6457.88851,17000,84.77,18737500.0,109.206,96.33750153,2.087991003,45.42730551,29.81819991,10314.04754
South Korea,2014,8,2.1125141,2.097187565,0,KOR,East Asia & Pacific,High income,1,1,30667.09125,4.07786,6867.33385,20634,87.5568,19198900.0,113.359,94.44216919,2.67545886,45.72256334,30.06086827,10272.63686
South Korea,2015,9,2.5272117,1.966068234,0,KOR,East Asia & Pacific,High income,1,1,30171.79065,3.9782,7020.43916,28452,89.8963,20024400.0,115.595,93.96765137,3.591641316,44.05058124,31.21192709,10429.08072
South Korea,2016,7,6.4566586,1.891767722,0,KOR,East Asia & Pacific,High income,1,1,30832.06281,3.98704,7057.16003,36928,92.843,20555700.0,119.49,93.65772247,3.922513767,47.43468718,30.52502667,10609.80691
South Korea,2017,8,8.534877,2.020704694,2,KOR,East Asia & Pacific,High income,1,1,33296.98454,4.29206,7453.21918,61580,95.0694,21195900.0,123.642,93.72302246,5.105277181,50.1896851,32.54631646,10811.76672
South Korea,2018,7,22.104431,2.168275999,4,KOR,East Asia & Pacific,High income,1,1,35363.95082,4.51633,7918.46916,106574,96.0229,21285900.0,128.495,93.32817841,6.375635987,48.32736129,36.39122336,11161.81744
South Korea,2019,5,20.96696,2.342188671,4,KOR,East Asia & Pacific,High income,1,1,33826.94433,4.62703,8328.96727,234958,96.1576,21761800.0,133.08,93.99891663,7.385671458,46.62212331,32.40506217,10943.20386
South Korea,2020,3,18.72066,2.675629765,0,KOR,East Asia & Pacific,High income,1,1,33645.77195,4.79571,8620.009,307856,96.5051,22327200.0,135.973,96.87677002,9.105905752,52.33878412,35.60222654,11104.66367
South Korea,2021,5,52.22666,2.539636871,2,KOR,East Asia & Pacific,High income,1,1,37518.46353,4.90988,9071.4503,379684,97.5713,22944300.0,140.516,100.3598785,12.22899828,47.06761652,36.01450367,11726.21993
South Korea,2022,6,83.677,2.405711491,0,KOR,East Asia & Pacific,High income,1,1,34822.40484,5.21081,9434.7613,455851,97.1686,23537300.0,148.684,102.8130569,9.751680381,45.77496566,36.11827893,11705.63051
South Korea,2023,8,105.185,2.406795355,3,KOR,East Asia & Pacific,High income,1,1,35674.096,5.21081,9434.7613,503079,97.416,24098200.0,162.114,106.7091675,10.58815478,49.00008674,30.27627999,11426.06991
South Korea,2024,13,186.445,2.29781399,5,KOR,East Asia & Pacific,High income,1,1,36238.63991,5.21081,9434.7613,615961,97.8956,24098200.0,162.114,106.7091675,10.44312201,48.09334399,36.25825594,11426.06991
Spain,2010,3,0.138513,2.561147159,0,ESP,Europe & Central Asia,High income,1,1,30658.74223,1.35996,2879.99747,9644,65.8,10652400.0,109.712,76.38291168,9.723185445,19.70071938,6.558198312,5706.563063
Spain,2011,2,0.13586,2.783206528,0,ESP,Europe & Central Asia,High income,1,1,31824.62191,1.33341,2775.30203,12387,67.09,11167800.0,111.899,80.72409058,9.723185445,19.70071938,6.586263992,5599.355981
Spain,2012,4,0.313449,2.507231414,0,ESP,Europe & Central Asia,High income,1,1,28456.44382,1.29876,2693.39973,18879,69.81,11524500.0,107.756,82.89208984,9.723185445,19.70071938,7.250806634,5573.379802
Spain,2013,3,1.12686,2.420227874,0,ESP,Europe & Central Asia,High income,1,1,29228.84656,1.27482,2623.64689,22766,71.635,12252100.0,107.039,85.21325684,9.723185445,19.70071938,6.97005296,5411.229379
Spain,2014,2,1.199031,2.487178574,0,ESP,Europe & Central Asia,High income,1,1,29707.76551,1.24159,2614.44648,29090,76.1867,13005000.0,108.746,88.0015564,10.18576188,20.95213499,6.912153615,5358.288256
Spain,2015,2,1.199031,2.362589936,3,ESP,Europe & Central Asia,High income,1,1,25982.44162,1.22179,2622.53289,41316,78.6896,13542900.0,109.391,88.57424927,9.981534384,21.65545688,6.888335065,5477.30258
Spain,2016,1,0.925058,2.005207263,2,ESP,Europe & Central Asia,High income,1,1,26755.60611,1.18986,2712.74943,128415,80.5613,14112700.0,110.247,89.80677795,9.952512474,22.3017591,7.802481411,5504.26697
Spain,2017,1,6.2272,1.959604726,0,ESP,Europe & Central Asia,High income,1,1,28381.34256,1.20977,2847.3656,337663,84.6022,14668200.0,112.03,91.88774109,9.596429653,21.27198226,6.999490135,5605.864152
Spain,2018,2,7.4888,1.631166844,1,ESP,Europe & Central Asia,High income,1,1,30602.42129,1.24151,2984.29629,528944,86.1072,15177000.0,115.009,92.17488861,10.03411096,20.79419721,6.766935487,5556.794042
Spain,2019,2,7.6158,1.618818527,1,ESP,Europe & Central Asia,High income,1,1,29786.52457,1.25025,3048.15265,834027,90.7187,15616600.0,116.696,91.02026367,10.31265328,22.12315189,6.846400911,5418.869331
Spain,2020,1,6.4708,1.35223172,2,ESP,Europe & Central Asia,High income,1,1,27233.94265,1.4091,3051.64642,1022461,93.2056,16188500.0,116.712,90.95484924,14.16494111,36.12457006,7.768421355,5089.18774
Spain,2021,1,6.4708,1.191122819,16,ESP,Europe & Central Asia,High income,1,1,30799.47759,1.41122,3229.64887,1185347,93.8975,16674200.0,119.0,94.59037781,13.17096959,33.06951166,9.393203822,5236.424781
Spain,2022,1,6.4708,1.120057932,11,ESP,Europe & Central Asia,High income,1,1,30319.49872,1.43532,3387.49657,1292439,94.4855,17115200.0,123.4,94.5131073,10.4976449,25.9117214,12.58371879,5179.769633
Spain,2023,1,6.4708,1.065950099,11,ESP,Europe & Central Asia,High income,1,1,33493.22254,1.43532,3387.49657,1389353,95.4456,17830200.0,127.715,93.73034668,11.31016612,25.27369058,9.562535616,5117.82962
Spain,2024,3,221.8726,1.083269201,2,ESP,Europe & Central Asia,High income,1,1,35326.76831,1.43532,3387.49657,1464800,95.7575,17830200.0,127.715,93.73034668,10.36760985,25.45157561,9.284476616,5117.82962
Sweden,2010,8,0.4160161,0.743178894,0,SWE,Europe & Central Asia,High income,1,0,52542.57591,3.16789,5279.17412,11265,90.0,2999540.0,117.212,73.08183289,16.21564221,49.47337306,19.41148424,14935.28664
Sweden,2011,5,0.48953,0.833075515,0,SWE,Europe & Central Asia,High income,1,0,60379.48146,3.18702,5172.47477,16174,92.77,3027460.0,121.219,71.91841125,19.41487169,50.88727842,18.69816207,14030.26898
Sweden,2012,4,0.52836,1.024599721,0,SWE,Europe & Central Asia,High income,1,0,57749.56154,3.23025,5196.71759,22775,93.18,3073170.0,124.465,68.74230194,18.7485241,52.33874146,17.98383179,14289.59509
Sweden,2013,7,1.1612926,0.882110048,0,SWE,Europe & Central Asia,High income,1,0,60843.98888,3.26042,6717.6193,25830,94.7836,3147620.0,125.142,65.78208923,19.90622903,54.8820549,18.0253833,13870.38991
Sweden,2014,3,0.812531,0.949884207,0,SWE,Europe & Central Asia,High income,1,0,59583.45845,3.10184,6909.46438,30531,92.5236,3281410.0,126.98,64.95419312,21.89399108,57.14694519,17.87746724,13480.14822
Sweden,2015,5,2.472241,0.711630815,2,SWE,Europe & Central Asia,High income,1,0,51188.16521,3.21903,6846.13413,41234,90.6102,3496240.0,128.974,66.42832184,21.68773682,55.2389609,18.12909541,13523.98046
Sweden,2016,5,2.775031,0.786076074,2,SWE,Europe & Central Asia,High income,1,0,51703.50883,3.24736,7143.443,61582,89.6509,3679770.0,126.402,68.3060379,18.9555166,53.1886436,17.83760164,13675.78732
Sweden,2017,5,4.029796,0.718859754,1,SWE,Europe & Central Asia,High income,1,0,53210.22333,3.36279,7316.6476,136977,93.0063,3854840.0,124.473,70.43424988,21.19843693,50.65770014,15.11034245,13498.41683
Sweden,2018,3,3.599656,0.637033212,4,SWE,Europe & Central Asia,High income,1,0,54018.45544,3.32106,7425.66896,189345,89.247,3942090.0,124.086,73.4083786,21.10148678,51.47605627,14.16431406,13330.43217
Sweden,2019,2,4.7717,0.552787459,7,SWE,Europe & Central Asia,High income,1,0,51648.98928,3.38758,7685.83827,264047,94.4934,4038730.0,125.457,75.11485291,22.35497507,54.25663128,14.50578357,12811.50381
Sweden,2020,2,4.7717,0.598571663,2,SWE,Europe & Central Asia,High income,1,0,52568.5727,3.4896,7754.64384,338969,94.5394,4179570.0,123.549,79.11963654,24.84434559,58.16377385,15.13595084,12607.49807
Sweden,2021,3,10.0247,0.509331174,8,SWE,Europe & Central Asia,High income,1,0,60647.54164,3.40216,8159.79705,402066,94.6703,4253440.0,124.961,85.94261932,24.5594031,57.96886401,13.93483175,13017.99735
Sweden,2022,5,14.2415,0.572859254,2,SWE,Europe & Central Asia,High income,1,0,54836.89072,3.40822,8623.7461,480359,95.0097,4258840.0,140.782,83.89761353,21.83855464,53.42416293,17.25665414,12418.39732
Sweden,2023,6,26.71047,0.499714175,10,SWE,Europe & Central Asia,High income,1,0,54950.28347,3.40822,8623.7461,558403,95.7033,4298050.0,140.266,81.39981842,21.2253524,54.72178575,17.62385203,12149.51799
Sweden,2024,7,50.09091,0.455139458,8,SWE,Europe & Central Asia,High income,1,0,57117.48774,3.40822,8623.7461,582362,95.5293,4298050.0,140.266,81.39981842,20.73613953,56.95721341,17.65245511,12149.51799
Switzerland,2010,5,0.346885,0.664052953,0,CHE,Europe & Central Asia,High income,1,1,76531.37294,2.87457,4497.48676,11343,83.9,2913520.0,123.236,52.80406189,10.03383126,39.31849843,25.80901187,8174.535959
Switzerland,2011,4,0.317895,0.841611849,0,CHE,Europe & Central Asia,High income,1,1,90476.75897,2.87457,4497.48676,19299,85.193,3078340.0,127.397,53.13528061,10.00560433,40.09783467,25.27353949,7928.19067
Switzerland,2012,1,0.3162,0.935358347,0,CHE,Europe & Central Asia,High income,1,1,85836.20768,2.87457,4497.48676,27881,85.2,3212370.0,132.031,54.83562088,10.04786919,41.02158891,26.0587679,7886.094306
Switzerland,2013,4,1.405767,0.856226352,0,CHE,Europe & Central Asia,High income,1,1,87304.33058,2.9424866666666665,4767.90219,31993,86.34,3438090.0,136.551,56.18124008,10.6958326,40.62816682,26.75106783,7806.440718
Switzerland,2014,6,7.959572,0.895190548,0,CHE,Europe & Central Asia,High income,1,1,88724.99094,3.0104033333333335,5038.31762,40108,83.6173,3535990.0,136.138,58.06505966,11.67987371,42.16759862,26.65872834,7520.043905
Switzerland,2015,6,8.631418,0.957806876,0,CHE,Europe & Central Asia,High income,1,1,83806.4476,3.07832,5308.73305,57464,87.4791,3700560.0,135.723,60.81856155,12.03807491,44.09946683,27.05151,7498.675504
Switzerland,2016,3,8.397281,0.76909256,1,CHE,Europe & Central Asia,High income,1,1,82153.07454,3.07765,5283.0336449999995,143994,89.1347,3775920.0,134.236,61.1939888,12.05761088,46.21694984,27.33545717,7479.693284
Switzerland,2017,3,21.716281,0.781490085,1,CHE,Europe & Central Asia,High income,1,1,82254.37693,3.07698,5257.33424,278505,89.6861,3916720.0,131.17,62.45972061,11.783992,45.65006557,14.02385686,7582.254278
Switzerland,2018,3,21.716281,0.756924243,0,CHE,Europe & Central Asia,High income,1,1,85217.36915,3.13689,5409.532215,580292,91.8,3883880.0,126.681,64.35339355,10.36443526,45.69868177,13.31821693,7433.821268
Switzerland,2019,4,25.37305,0.716731008,0,CHE,Europe & Central Asia,High income,1,1,84121.93103,3.1968,5561.73019,821368,93.1461,4023920.0,126.921,66.30934143,9.580092176,44.384952,12.90949367,7353.928968
Switzerland,2020,2,23.12675,0.675179095,2,CHE,Europe & Central Asia,High income,1,1,85897.78433,3.2516249999999998,5791.56437,1036600,94.3499,4016260.0,127.376,68.06764221,11.04084728,45.51668045,12.84508671,7154.990173
Switzerland,2021,3,26.21535,0.706737159,1,CHE,Europe & Central Asia,High income,1,1,93664.77367,3.30645,6021.39855,1221667,95.5694,4174440.0,123.212,71.89392853,10.19077685,45.75521136,14.23506327,7315.37291
Switzerland,2022,4,28.56379,0.594931345,1,CHE,Europe & Central Asia,High income,1,1,94394.51068,3.30645,6021.39855,1327747,96.4528,4103730.0,123.971,74.15267944,11.35794139,44.52233265,29.9881398,7309.485788
Switzerland,2023,4,28.56379,0.630373968,0,CHE,Europe & Central Asia,High income,1,1,100623.5496,3.30645,6021.39855,1454404,97.3444,4230930.0,128.64,74.00608826,12.51504942,44.06658234,29.3340287,7096.3284
Switzerland,2024,5,312.13704,0.537386579,0,CHE,Europe & Central Asia,High income,1,1,103998.1867,3.30645,6021.39855,1507153,97.3444,4230930.0,128.64,74.00608826,12.74760657,46.33827484,29.26856018,7096.3284
Türkiye,2010,1,0.0267836,0.848574284,0,TUR,Europe & Central Asia,Upper middle income,1,1,10698.96994,0.79369,882.50416,6245,39.82,7098160.0,84.2159,56.7506218,1.314164998,8.831518011,2.194824352,2463.859758
Türkiye,2011,0,0.0,0.974337552,1,TUR,Europe & Central Asia,Upper middle income,1,1,11373.63558,0.79393,977.26304,8689,43.0657,7591370.0,88.0167,61.5163002,1.129560053,9.191613138,2.110645608,2666.738378
Türkiye,2012,0,0.0,1.123879094,1,TUR,Europe & Central Asia,Upper middle income,1,1,11776.75934,0.82595,1100.18611,16733,45.13,7868970.0,90.0041,70.10449982,0.869390219,8.398068022,2.154852626,2749.713681
Türkiye,2013,0,0.0,1.139137141,1,TUR,Europe & Central Asia,Upper middle income,1,1,12635.557,0.81206,1175.90164,20046,46.25,8893390.0,91.1758,79.6469574,1.858110668,9.317833922,3.130552576,2747.584087
Türkiye,2014,0,0.0,1.237803502,0,TUR,Europe & Central Asia,Upper middle income,1,1,12209.38623,0.8564,1163.53689,23067,51.0374,8866360.0,92.1219,86.99768066,1.816450491,9.448716654,3.37973172,2848.971658
Türkiye,2015,0,0.0,1.148860057,0,TUR,Europe & Central Asia,Upper middle income,1,1,11064.64945,0.96732,1136.18026,28548,53.745,9504590.0,92.0327,95.56450653,1.770339557,9.856180065,3.436104436,2930.202721
Türkiye,2016,0,0.0,1.288754327,1,TUR,Europe & Central Asia,Upper middle income,1,1,10984.36432,1.11979,1263.789,103855,58.3477,10499700.0,91.9287,103.7155838,2.051381861,10.28026469,3.038145997,3073.678912
Türkiye,2017,0,0.0,1.539385353,2,TUR,Europe & Central Asia,Upper middle income,1,1,10756.38777,1.17632,1420.59574,271843,64.6846,11924900.0,93.6408,110.5340729,1.987651188,9.764019284,3.232912935,3262.784174
Türkiye,2018,0,0.0,1.443245914,2,TUR,Europe & Central Asia,Upper middle income,1,1,9684.118199,1.27093,1585.08328,356867,71.0428,13407200.0,94.9086,115.4624634,2.184206507,9.159920574,2.673531299,3347.762687
Türkiye,2019,0,0.0,1.269317405,6,TUR,Europe & Central Asia,Upper middle income,1,1,9395.23378,1.3196,1737.57621,453706,73.9767,14232000.0,94.6498,117.0054703,2.040047443,9.061606084,3.028176692,3294.221903
Türkiye,2020,0,0.0,1.176997586,10,TUR,Europe & Central Asia,Upper middle income,1,1,8798.117917,1.36748,1964.65668,570108,77.6696,16734900.0,95.3961,118.8836823,5.382068263,16.0417728,3.152770113,3318.847059
Türkiye,2021,0,0.0,1.167116554,6,TUR,Europe & Central Asia,Upper middle income,1,1,9981.763984,1.40209,2209.69913,652636,81.4084,18135700.0,99.5415,125.7637863,4.121661391,12.71177004,3.2836274,3587.458367
Türkiye,2022,0,0.0,1.232589795,6,TUR,Europe & Central Asia,Upper middle income,1,1,10897.83979,1.32343,2478.67633,778926,83.4372,18998800.0,103.721,127.5779724,3.187131367,9.81769437,3.664035549,3554.228162
Türkiye,2023,0,0.0,1.013309316,0,TUR,Europe & Central Asia,Upper middle income,1,1,13375.09473,1.32343,2478.67633,843190,85.9607,19600200.0,105.684,127.5779724,3.990092786,11.39704848,4.51829099,3581.254545
Türkiye,2024,1,3.00329,1.106743233,2,TUR,Europe & Central Asia,Upper middle income,1,1,15892.71573,1.32343,2478.67633,949548,87.3079,19600200.0,105.684,127.5779724,4.213485583,11.42396029,5.13775957,3581.254545
United Arab Emirates,2010,0,0.0,0.056044771,0,ARE,Middle East & North Africa,High income,0,1,44795.29493,0.47252,2168.42732,785,68.0,786818.0,157.473,53.21132817,4.874493927,10.00809717,3.766659993,12827.37672
United Arab Emirates,2011,0,0.0,0.092709875,0,ARE,Middle East & North Africa,High income,0,1,51921.90451,0.47252,2168.42732,1124,78.0,866968.0,162.894,53.21132817,4.874493927,10.00809717,3.766659993,13085.7207
United Arab Emirates,2012,1,0.0693591,0.134644717,0,ARE,Middle East & North Africa,High income,0,1,53141.61243,0.54009,2168.42732,2167,85.0,954988.0,183.741,53.21132817,4.874493927,10.00809717,3.766659993,13475.03223
United Arab Emirates,2013,0,0.0,0.152869237,0,ARE,Middle East & North Africa,High income,0,1,53247.24095,0.60766,2168.42732,2533,88.0,1041930.0,205.105,53.21132817,4.874493927,10.00809717,3.607384386,13409.14914
United Arab Emirates,2014,0,0.0,0.091321352,0,ARE,Middle East & North Africa,High income,0,1,52725.23584,0.67523,2168.42732,3382,90.4,1091760.0,204.192,53.21132817,4.874493927,10.00809717,10.16951897,13560.37144
United Arab Emirates,2015,0,0.0,0.146166467,0,ARE,Middle East & North Africa,High income,0,1,44910.335,0.8657,2168.42732,5434,90.5,1234450.0,206.839,53.21132817,4.874493927,10.00809717,5.301997688,14046.28701
United Arab Emirates,2016,0,0.0,0.172388569,1,ARE,Middle East & North Africa,High income,0,1,42721.09994,0.9318,2509.55341,8787,90.6,1297590.0,220.412,53.21132817,4.874493927,10.00809717,2.619028405,13705.61813
United Arab Emirates,2017,0,0.0,0.167748434,2,ARE,Middle East & North Africa,High income,0,1,43733.61923,1.097845,2487.061525,12192,94.8199,2761830.0,214.701,53.21132817,4.874493927,10.00809717,2.84060044,13672.11577
United Arab Emirates,2018,0,0.0,0.179443276,1,ARE,Middle East & North Africa,High income,0,1,47135.35919,1.26389,2464.56964,14292,98.45,3024570.0,214.842,53.21132817,4.874493927,10.00809717,2.903264325,13702.80273
United Arab Emirates,2019,0,0.0,0.200865869,2,ARE,Middle East & North Africa,High income,0,1,45938.60736,1.31065,2476.63113,18682,99.15,3045960.0,209.033,53.88146552,4.874493927,10.00809717,2.998655779,13914.14266
United Arab Emirates,2020,2,9.01375,0.294628954,0,ARE,Middle East & North Africa,High income,0,1,37991.7493,1.48831,2581.47405,13901,100.0,3245120.0,194.468,54.97469981,4.874493927,10.00809717,5.377044928,13855.06579
United Arab Emirates,2021,2,9.01375,0.226908578,1,ARE,Middle East & North Africa,High income,0,1,44118.50472,1.49469,2606.78477,24706,100.0,3573060.0,186.301,56.45203344,4.874493927,10.00809717,8.957962657,14828.6941
United Arab Emirates,2022,2,9.01375,0.272194825,1,ARE,Middle East & North Africa,High income,0,1,50759.75892,1.49469,2606.78477,16388,100.0,3774060.0,195.625,60.4188226,4.874493927,10.00809717,9.287760224,14687.97398
United Arab Emirates,2023,1,7.257,0.383128435,0,ARE,Middle East & North Africa,High income,0,1,49850.68722,1.49469,2606.78477,22222,100.0,3947870.0,199.424,61.34561144,4.874493927,10.00809717,8.960293974,14687.97398
United Arab Emirates,2024,2,12.351,0.33950857,0,ARE,Middle East & North Africa,High income,0,1,50273.50605,1.49469,2606.78477,46058,100.0,3947870.0,199.424,63.73844511,4.580267307,9.430845472,8.960293974,14687.97398
United Kingdom,2010,38,1.7854544,3.699086489,0,GBR,Europe & Central Asia,High income,1,1,39778.32205,1.63886,4089.20558,82563,85.0,19151500.0,121.781,59.84672928,7.195664031,18.73542293,23.30365863,5712.741211
United Kingdom,2011,27,1.8721074,3.823402608,0,GBR,Europe & Central Asia,High income,1,1,42295.92738,1.64681,3973.02377,114622,85.38,20588900.0,121.498,59.34267044,7.169392507,17.77597984,23.30572182,5472.534181
United Kingdom,2012,25,6.6336425,3.427790429,0,GBR,Europe & Central Asia,High income,1,1,42688.32637,1.57587,4017.98198,159285,87.48,21685700.0,122.465,59.16817093,7.260319899,17.25047618,23.46019672,5456.247744
United Kingdom,2013,29,8.08223656,4.11892402,1,GBR,Europe & Central Asia,High income,1,1,43606.98379,1.62096,4171.80763,181643,89.8441,23039800.0,122.185,56.81504822,7.345780417,17.40392176,23.58764249,5395.749856
United Kingdom,2014,30,14.87121314,4.006269378,0,GBR,Europe & Central Asia,High income,1,1,47746.24218,2.26488,4280.79983,210025,91.6133,23729800.0,120.958,56.56708908,7.529556829,18.05548774,22.20447501,5118.926029
United Kingdom,2015,29,14.53211059,4.068165363,1,GBR,Europe & Central Asia,High income,1,1,45255.34492,2.27566,4389.5625,285617,92.0003,24663100.0,121.212,56.48590088,7.904529953,18.63917711,22.33359077,5078.263274
United Kingdom,2016,11,20.025427,3.841301814,0,GBR,Europe & Central Asia,High income,1,1,41257.90855,2.32052,4434.65942,570586,94.7758,25473600.0,119.787,58.11048126,7.778044527,18.07488262,23.5591126,5009.541665
United Kingdom,2017,17,30.717835,3.581546673,4,GBR,Europe & Central Asia,High income,1,1,40916.81151,2.32602,4472.69458,1400176,90.4246,26043400.0,119.207,59.63351822,7.893077081,18.80844111,22.61946496,4932.162023
United Kingdom,2018,22,42.786556,3.357418011,14,GBR,Europe & Central Asia,High income,1,1,43702.99763,2.71124,4472.69458,1811830,90.692,26587100.0,118.184,61.12511826,7.900630614,18.47173295,22.33311186,4901.869088
United Kingdom,2019,18,39.955369,3.276652985,14,GBR,Europe & Central Asia,High income,1,1,43158.74113,2.6708,4472.69458,2405337,92.5166,26859700.0,120.25,65.48407745,7.742452081,18.91741271,23.09420011,4775.404842
United Kingdom,2020,10,30.95014,3.075871262,11,GBR,Europe & Central Asia,High income,1,1,40812.67947,2.93883,4472.69458,2445275,94.8182,27329700.0,117.305,69.37016296,9.420772637,20.33708955,23.0073605,4511.027208
United Kingdom,2021,11,35.2874,2.931418236,7,GBR,Europe & Central Asia,High income,1,1,47691.37688,2.89711,4472.69458,2954879,96.1965,27821000.0,117.887,76.71749115,8.957352093,19.35496536,23.86540572,4569.643497
United Kingdom,2022,12,57.018004,2.780877002,6,GBR,Europe & Central Asia,High income,1,1,47057.04323,2.89711,4472.69458,3003030,96.2989,28149000.0,119.834,79.7250824,8.655993144,18.56166906,27.15977082,4326.193716
United Kingdom,2023,14,62.248784,2.990049956,6,GBR,Europe & Central Asia,High income,1,1,49944.47021,2.89711,4472.69458,3243401,96.2988,28460000.0,122.796,80.49877167,8.912739312,18.70401255,28.89171461,4207.951294
United Kingdom,2024,16,89.372064,2.63405107,5,GBR,Europe & Central Asia,High income,1,1,53246.36761,2.89711,4472.69458,4738464,96.2988,28460000.0,122.796,80.49877167,9.237088996,20.4069844,29.71796596,4207.951294
United States,2010,282,17.9692747,15.44271413,0,USA,North America,High income,1,1,48642.61002,2.71444,3550.08505,767662,71.69,84522000.0,91.6593,88.72641754,4.562705633,34.90864108,22.61947752,13392.69101
United States,2011,255,25.2658494,16.28541532,2,USA,North America,High income,1,1,50024.8688,2.73803,3659.09511,930471,69.7295,88317000.0,94.683,88.72641754,4.556912152,35.36636631,20.62491616,13235.00877
United States,2012,252,59.97546714,15.35668923,0,USA,North America,High income,1,1,51708.40116,2.67273,3642.58414,1205823,74.7,92514000.0,96.1284,88.72641754,4.894848588,34.77589797,20.1742507,12945.15704
United States,2013,252,106.833638,15.38090944,1,USA,North America,High income,1,1,53179.01276,2.69592,3725.75931,1360046,71.4,96032000.0,97.0595,88.72641754,5.049095377,34.16952083,20.18863537,12972.21997
United States,2014,232,122.4523359,14.98092457,1,USA,North America,High income,1,1,54973.42075,2.70881,3824.01193,1633177,73.0,97810000.0,99.8396,88.6268692,5.102569183,33.27759065,20.48439822,12962.14254
United States,2015,233,161.2674255,15.3764872,0,USA,North America,High income,1,1,56572.9189,2.77328,3858.04036,2039539,74.5542,102212000.0,101.832,88.88941193,5.384304454,33.03730295,21.39044804,12828.81608
United States,2016,165,173.2226393,15.30617814,3,USA,North America,High income,1,1,57638.10184,2.83676,3809.11997,3694357,85.5444,105714000.0,102.752,88.83505249,5.504384565,32.51713618,22.4192942,12806.19771
United States,2017,168,250.904434,15.41736256,2,USA,North America,High income,1,1,59635.09844,2.88357,3931.60035,9863566,87.2749,108200000.0,102.381,88.16738892,5.690571517,32.58015482,19.26596996,12604.16256
United States,2018,124,458.255257,16.00934093,14,USA,North America,High income,1,1,62499.87444,2.99045,4226.79136,21517004,88.4989,110756000.0,103.935,88.29917908,5.775826699,32.02111868,18.48426993,13054.40454
United States,2019,116,600.014746,15.09302702,16,USA,North America,High income,1,1,64746.45068,3.14704,4265.92083,40706354,89.4303,114292000.0,105.321,87.88871002,6.721490728,33.15739652,18.68539393,12678.25405
United States,2020,113,621.6556,14.65510868,14,USA,North America,High income,1,1,63515.94918,3.42467,4464.09495,46678110,90.3447,121232000.0,103.855,87.56765747,8.155839305,38.20325524,19.49397616,12393.43826
United States,2021,122,854.43371,14.25806075,12,USA,North America,High income,1,1,70205.05092,3.48313,4825.1804,52122869,91.2684,125885000.0,106.325,84.85508728,7.807596038,37.99717923,19.90146141,12556.09158
United States,2022,128,2085.04514,12.32019534,7,USA,North America,High income,1,1,76657.24888,3.58623,4825.1804,60194281,92.2016,128037000.0,108.786,79.36193085,7.416058243,35.92551435,20.5789833,12968.16281
United States,2023,150,2400.75732,12.21934889,6,USA,North America,High income,1,1,81032.26212,3.58623,4825.1804,62879335,93.1444,131028000.0,112.411,79.36193085,7.509795948,34.89864364,21.84598784,12551.22563
United States,2024,171,4408.38205,11.14795051,2,USA,North America,High income,1,1,84534.04078,3.58623,4825.1804,66850221,93.1444,131028000.0,112.411,79.36193085,7.87536207,34.98590758,24.32298284,12551.22563
